geneName,logFC,adj.P.Val,significance
CLEC4M,-3.262604477834092,5.070483554144332e-119,DOWN Significant
LINC01093,-4.6871380061347985,1.2105752388936907e-96,DOWN Significant
RP11-889I17.2,-5.090486292731939,3.863354926389333e-81,DOWN Significant
CLEC4G,-4.544677239846382,2.6794359868572105e-76,DOWN Significant
FCN2,-4.433088357279578,9.93971402892794e-76,DOWN Significant
GDF2,-2.943946022839741,4.320009225993039e-71,DOWN Significant
RP11-103C3.4,-4.75516378877319,4.060689367837195e-62,DOWN Significant
KCNN2,-2.1726035529449113,1.2078811138356626e-60,DOWN Significant
DBH,-2.2957820631068087,4.709414346761837e-59,DOWN Significant
CLEC1B,-3.6728993837582085,1.053739446110464e-56,DOWN Significant
RP11-657O9.1,-1.7239967249089228,4.681247461855994e-55,DOWN Significant
RP11-830F9.5,-1.4749415510864217,6.68344613045917e-55,DOWN Significant
COLEC10,-3.2522633895385202,3.7856320068441305e-54,DOWN Significant
FLAD1,1.836503655548134,7.06679458523027e-54,UP Significant
LINC01818,-1.0487193210372039,1.5740302183124088e-52,DOWN Significant
MARCO,-5.061568870833211,2.04749847729595e-52,DOWN Significant
BMPER,-1.670677293252191,1.2204447511507418e-47,DOWN Significant
GPM6A,-1.6517901433881041,1.2204447511507418e-47,DOWN Significant
STAB2,-1.3476842613992726,3.273092869718287e-47,DOWN Significant
CXCL14,-4.075114213385658,2.025926433542464e-46,DOWN Significant
SFRP1,-1.0909644870066944,1.2411224895399167e-44,DOWN Significant
EEF1AKNMT,1.6298757386433538,1.8845011565392574e-44,UP Significant
CLTRN,-3.1190072868962497,1.8845011565392574e-44,DOWN Significant
PRKAG1,1.054377166946101,3.9894789048500166e-44,UP Significant
TMCO1,1.6460751497208745,1.021076184971499e-43,UP Significant
SCNM1,1.9310464886107352,2.338950967214172e-43,UP Significant
PTH1R,-3.2317442337878584,1.0663534898491996e-42,DOWN Significant
CYP26A1,-1.552676760471231,4.6490368984843874e-42,DOWN Significant
RSPO3,-1.0853410451479273,1.2134611523702472e-41,DOWN Significant
PLVAP,3.4275758965751764,1.4644218163809415e-41,UP Significant
CBFA2T3,-1.5342623619307596,4.592741770303506e-41,DOWN Significant
MSTO1,2.173281155083335,1.2280957745816196e-40,UP Significant
IP6K1,1.7623838920670716,1.6283986562373494e-40,UP Significant
VIPR1,-2.8310950587281303,5.977885458775197e-40,DOWN Significant
AADAT,-2.2689908011720004,9.227978837716228e-40,DOWN Significant
VPS72,1.9803637556954357,2.0349609169670367e-39,UP Significant
PDCD6,1.2010093913043614,5.739458407253989e-39,UP Significant
CYP1A2,-5.701696433045694,9.172874148261632e-39,DOWN Significant
ORMDL2,1.4652321029203428,1.1496168186486622e-38,UP Significant
RP11-62P16.1,-1.3814225675704703,1.210983944143869e-38,DOWN Significant
C6orf89,1.5178739419475522,1.2619025799078388e-38,UP Significant
IGFALS,-3.941765672784061,2.5814109159158095e-38,DOWN Significant
CHST4,-1.9474834860223895,2.680494279947577e-38,DOWN Significant
RIPOR3,-1.5844160352877665,2.734242782367314e-38,DOWN Significant
SUPT4H1,1.3468490584468027,3.171948657053698e-38,UP Significant
CCL14,-2.550387535108621,7.667558682965209e-38,DOWN Significant
CCT3,2.0959777000595174,8.396740497645719e-38,UP Significant
AP3B1,1.2898844834623495,8.544934090845854e-38,UP Significant
DCTN2,1.3895206836042133,1.3543927672370756e-37,UP Significant
CTC-537E7.3,-1.3327402757139448,1.3652081583559585e-37,DOWN Significant
TAF9,1.381110722109871,1.3652081583559585e-37,UP Significant
HSPB1,2.4415312675034864,1.5059484479419945e-37,UP Significant
MRPS23,1.6544075225259784,1.7866574670321712e-37,UP Significant
CRHBP,-4.375276695810443,2.2821658014085556e-37,DOWN Significant
ADAMTS13,-2.1337406690677065,5.367050783035004e-37,DOWN Significant
PIGT,1.8261715787471875,5.900259497645271e-37,UP Significant
RRP9,1.4741589059021818,7.028875934724045e-37,UP Significant
NHP2,1.3014335398726011,1.0136342347794653e-36,UP Significant
DDX41,1.0908048958648138,1.2440428113772337e-36,UP Significant
SMAD2,1.269939266360451,1.260140444739411e-36,UP Significant
RBCK1,1.475862145973581,2.2523426560601734e-36,UP Significant
NTF3,-1.7284122743100383,4.075506843675488e-36,DOWN Significant
GBA,2.0112874864478965,6.473176734670661e-36,UP Significant
FCN3,-5.120445282681981,6.475396121222335e-36,DOWN Significant
SLC25A39,1.5601441889917842,7.099746424451335e-36,UP Significant
MT1JP,-1.3900680008415833,8.071416806731704e-36,DOWN Significant
GNS,1.4783645533827285,8.879924635679069e-36,UP Significant
DEDD,1.4847225230541747,1.0031872680360859e-35,UP Significant
NME1,1.6265267963697,1.9367592996357175e-35,UP Significant
ZNF207,1.444367080497344,2.0471289473273043e-35,UP Significant
SLC38A6,1.4916404855565517,3.7791533215353907e-35,UP Significant
PAMR1,-1.4923892647208512,4.352120008501104e-35,DOWN Significant
NDST1,2.0021411000575733,4.520469251812775e-35,UP Significant
CDC23,1.441687453831396,5.564126693743151e-35,UP Significant
CDKN3,3.619771506937378,6.043726449436725e-35,UP Significant
RHEB,1.1431178776313926,7.353021334179437e-35,UP Significant
FTSJ3,1.3803389073516104,7.946637790545811e-35,UP Significant
MFSD5,1.3982325869165808,7.983418676740242e-35,UP Significant
RFX5,1.849644128089242,8.362492802358757e-35,UP Significant
TXNDC9,1.2852297117828195,8.86816799328815e-35,UP Significant
CCT5,1.6140595917063028,9.4116721254133e-35,UP Significant
LYVE1,-2.038585134859623,1.418571645795804e-34,DOWN Significant
BCO2,-3.4418015726656477,1.668427391655692e-34,DOWN Significant
NUDCD3,1.3485318736172225,2.2818628492574855e-34,UP Significant
PSMD4,1.6650611442801555,2.5899406228549373e-34,UP Significant
ARFGEF2,1.147884920519589,3.254245970206688e-34,UP Significant
NUB1,1.119374642440952,3.6138782561255735e-34,UP Significant
RP11-154I21.1,-2.510579251075462,4.091537815612715e-34,DOWN Significant
COPA,1.5090551657165596,4.40003082115252e-34,UP Significant
SFT2D2,1.3104472427156846,4.419528232398618e-34,UP Significant
NAGPA,1.3963182618995607,4.5725867744769255e-34,UP Significant
VPS33A,1.6185496887056792,5.206700430099577e-34,UP Significant
NAXE,1.509350170812466,6.298162953682612e-34,UP Significant
GPKOW,1.0116590603620201,6.6572404209374235e-34,UP Significant
PSMB5,1.0995148336892369,7.276399609777494e-34,UP Significant
NARS1,1.1302810077475014,7.927863684362156e-34,UP Significant
RARS1,1.2112863469382367,9.209279688564276e-34,UP Significant
NAA10,1.179763457947879,9.779388474619291e-34,UP Significant
RNF187,1.537995321602216,9.890135754956542e-34,UP Significant
COIL,1.2373108371428152,1.0575353652755794e-33,UP Significant
PRKAR2A,1.354005512751296,1.0614163190657507e-33,UP Significant
CANX,1.5739777066512515,1.1266710449762346e-33,UP Significant
SAE1,1.890763619505797,1.1523953797767303e-33,UP Significant
IK,1.1833523367879106,1.1836775692778734e-33,UP Significant
MRPL9,1.634893855507137,1.3191541163732265e-33,UP Significant
SLC41A3,1.6011746529070758,1.3580015846923516e-33,UP Significant
TSPAN17,1.5673171068433494,1.5336865086633614e-33,UP Significant
TRMT61A,1.2295908750924491,2.0755495259766833e-33,UP Significant
NME2,1.3985647720282328,2.08385977026846e-33,UP Significant
KPNA2,2.4876186366603665,2.183477793257911e-33,UP Significant
CFP,-3.2892351929204553,2.1840103219388164e-33,DOWN Significant
VPS45,1.5861366380771162,2.3555201907310224e-33,UP Significant
BLZF1,1.4508583513845017,2.387621283990405e-33,UP Significant
ATAD2,2.1629202923469486,2.8076928519855077e-33,UP Significant
MAPKAP1,1.148195004113036,3.125239877852437e-33,UP Significant
NR2C2AP,1.6186101966618387,4.1120500941671916e-33,UP Significant
CTNNA1,1.405884140246413,4.715777314933722e-33,UP Significant
SLC35A2,1.1559865022918605,4.816843045297095e-33,UP Significant
APIP,1.323752602208034,4.920553659738227e-33,UP Significant
RETREG2,1.455925605206601,7.278195647024778e-33,UP Significant
COMMD2,1.5986148888130511,8.273335265344977e-33,UP Significant
DNAJB11,1.7800930834940099,1.1933802159894863e-32,UP Significant
PDZD11,1.1926066585258441,1.2423540773672394e-32,UP Significant
TPPP2,-1.6363586209779473,1.4711084508650342e-32,DOWN Significant
BRMS1,1.216974093780609,1.4711084508650342e-32,UP Significant
RHOA,1.217785385468476,1.4711084508650342e-32,UP Significant
ILF2,1.9272264403101138,1.5229829602391618e-32,UP Significant
PEX11B,1.3641596742089384,2.259550676967166e-32,UP Significant
RNF220,1.3112391823816791,2.259550676967166e-32,UP Significant
TUBE1,-1.805313993749102,3.8320042176564324e-32,DOWN Significant
TOX4,1.3499831404432632,4.1599377623171215e-32,UP Significant
WDR55,1.0609045650474833,4.2513434316861304e-32,UP Significant
PSME3,1.6303225049968284,4.2513434316861304e-32,UP Significant
SNX12,1.1935447941980764,4.4295449779570185e-32,UP Significant
SCAMP3,1.9154293376510778,5.229804327573261e-32,UP Significant
TAF11,1.2649078482419873,5.229804327573261e-32,UP Significant
TMEM101,1.6273143521166369,6.277215415717266e-32,UP Significant
ABI1,1.0020853680227795,6.911863498822209e-32,UP Significant
FAM180A,-1.572709108099827,6.988575826522062e-32,DOWN Significant
POC1A,1.6100109523254544,6.988788617236606e-32,UP Significant
KIAA0100,1.9161415435041995,9.323802997741399e-32,UP Significant
PIGC,2.051696012960474,9.645531285644628e-32,UP Significant
PPIA,1.3022123945776052,9.733743452840157e-32,UP Significant
CANT1,1.9244166549240171,1.1061300669623486e-31,UP Significant
STT3B,1.2993386463706775,1.1196393816083424e-31,UP Significant
TIPRL,1.2340959852896747,1.2571928994865048e-31,UP Significant
HHIP,-1.4096809568360813,1.6509449528952013e-31,DOWN Significant
CDKN2AIPNL,1.5592751392108775,1.8435811066035817e-31,UP Significant
RRM2,2.9991221278287683,1.9271099525774061e-31,UP Significant
MED25,1.306548188624312,2.2899895549631636e-31,UP Significant
TAZ,1.123891628764734,2.3526858726648334e-31,UP Significant
PSMA6,1.2942897664185402,2.4389778379663134e-31,UP Significant
NUP62,1.9051055286186274,2.467122018062377e-31,UP Significant
SPNS1,1.3506228371540612,3.0223868452902413e-31,UP Significant
AIDA,1.3262911945950884,3.2527549118413773e-31,UP Significant
CLN3,1.7081210016116932,3.319930307014538e-31,UP Significant
ATP5MF-PTCD1,1.3238369687753644,4.015942867207515e-31,UP Significant
PTTG1,3.5989045076287987,5.682427865507257e-31,UP Significant
TBC1D16,1.6281655214418647,5.682427865507257e-31,UP Significant
SSR1,1.499302161727658,5.923302043134454e-31,UP Significant
WDR83,1.1271944885854732,7.8420078604444e-31,UP Significant
FASTK,1.0584690343894652,9.34011457333279e-31,UP Significant
SF3B4,1.8708214645009185,1.0692800033597215e-30,UP Significant
ECM1,-3.0683873609288645,1.0930313544306187e-30,DOWN Significant
JKAMP,1.1234367628556252,1.1546394424683507e-30,UP Significant
SNAPIN,1.3183345896807435,1.2139298224674094e-30,UP Significant
ITGA6,2.396010933357412,1.2730119696955626e-30,UP Significant
RAB10,1.1262757822786602,1.314259702443814e-30,UP Significant
UTP15,1.0830346550192287,1.3923835716647996e-30,UP Significant
VIPAS39,1.017890677109158,1.4740282751729655e-30,UP Significant
NME6,1.3165810621147624,1.6273878026210996e-30,UP Significant
TP53I3,2.7225731442283,1.7371682001398142e-30,UP Significant
UBE2T,3.191963771039643,1.8332633624483417e-30,UP Significant
SNRPC,1.5739772562298358,1.922501805446307e-30,UP Significant
FAM220A,1.3544190159070997,2.4619667262224277e-30,UP Significant
BABAM1,1.009666683823835,2.561597883758745e-30,UP Significant
BRD8,1.442297329924489,2.865367877052919e-30,UP Significant
ENAH,2.568418619526353,3.042406303958876e-30,UP Significant
PYGO2,2.02198420605582,4.1285042548099056e-30,UP Significant
SMIM13,1.125120484363377,4.277598710645558e-30,UP Significant
LIN37,1.064514122481456,5.987424549078469e-30,UP Significant
ALG3,1.4066808301265459,6.282529562526524e-30,UP Significant
TPM3,1.6335520758462456,6.336871402388085e-30,UP Significant
ADAR,1.7170979439233522,6.359716785451062e-30,UP Significant
TARDBP,1.2909751674538867,6.697400579985948e-30,UP Significant
DOLK,1.3357691161662948,7.113111688881082e-30,UP Significant
ARPC5,1.5434809940816603,7.553447693682468e-30,UP Significant
TOMM40,1.5347235619848556,8.115857168436308e-30,UP Significant
AGFG1,1.474478650344183,9.629047969407537e-30,UP Significant
SRPRB,1.1422615881204035,9.645259637357557e-30,UP Significant
TAF6,1.7282155746474865,1.106270134517131e-29,UP Significant
EXOC4,1.163170050582686,1.1202293050206714e-29,UP Significant
CCNB1,2.9562057430742747,1.1202293050206714e-29,UP Significant
TMEM183A,1.3823564795846797,1.1202293050206714e-29,UP Significant
UBQLN4,1.8236764376314438,1.1339089264062743e-29,UP Significant
SYPL1,1.2471131884903617,1.4947788013451754e-29,UP Significant
NUP42,1.2040029462456507,1.4947788013451754e-29,UP Significant
GET3,1.366679304327893,1.5549723360489783e-29,UP Significant
DDX39A,1.9447688134180474,1.8674820531857301e-29,UP Significant
SERF1B,1.421313565059491,2.109714181833694e-29,UP Significant
IRAK1,1.9610271563653043,2.3617201635425857e-29,UP Significant
TBRG4,1.0743878846147021,2.5598473662370016e-29,UP Significant
VPS50,1.1741707961272936,2.5815619170925244e-29,UP Significant
TTC36,-5.742822669983838,2.5815619170925244e-29,DOWN Significant
GRK6,1.4623595816917998,2.731947354671589e-29,UP Significant
MRO,-1.043544869198644,2.733631386685104e-29,DOWN Significant
TRAF7,1.5575775837456853,3.153312617628347e-29,UP Significant
TFG,1.0204463779068362,3.262739692146667e-29,UP Significant
ALG6,1.0895368927639169,3.51796122176752e-29,UP Significant
POLR2B,1.1251430385842776,4.074880212630078e-29,UP Significant
FANCF,1.0236872594819133,4.0793746266847784e-29,UP Significant
ACLY,1.9475468252991486,4.3347790184245474e-29,UP Significant
SSR3,1.253025774576071,4.535093238412313e-29,UP Significant
GPATCH4,1.6361354338021652,4.8940488128098877e-29,UP Significant
METTL6,1.4356750089218362,5.096933942950798e-29,UP Significant
TASOR,1.4000458780711669,5.09748600265558e-29,UP Significant
TMEM127,1.0794567030800963,5.21904262502496e-29,UP Significant
RPAP1,1.2752020094349938,5.476093253161729e-29,UP Significant
TUBG1,1.7822780891658083,5.575970187901886e-29,UP Significant
HMGXB3,1.3931149132733451,5.679578405991169e-29,UP Significant
CETP,-2.199622958107036,6.11425280558939e-29,DOWN Significant
CCT4,1.4250124342021104,6.567398286837676e-29,UP Significant
PLOD3,1.6853890527300321,8.473886504406695e-29,UP Significant
ATF6B,1.2825457444582138,9.074108215545236e-29,UP Significant
GMFB,1.6019723510286332,9.706328109528702e-29,UP Significant
ANAPC7,1.6258139609038573,1.16294334996012e-28,UP Significant
RFT1,1.1820382345883007,1.233021670288697e-28,UP Significant
CORO1B,1.0283351116199233,1.3385431145185007e-28,UP Significant
ALG1,1.2292459852600484,1.36769198037905e-28,UP Significant
SRP19,1.0712582840338216,1.36769198037905e-28,UP Significant
GOLPH3L,1.6411268480173944,1.5095925579341746e-28,UP Significant
DARS2,1.6180389469360448,1.640149614930537e-28,UP Significant
MXD3,2.425396206773603,1.6903628491423612e-28,UP Significant
ERLEC1,1.1020282718474435,1.7197357630672976e-28,UP Significant
HNRNPR,1.2241779611593206,1.867261110914595e-28,UP Significant
DPH2,1.3748735976943087,2.1146619839032633e-28,UP Significant
TMEM104,1.4790065689932521,2.273761866056884e-28,UP Significant
KCTD20,1.2083563262536292,2.4761930581486564e-28,UP Significant
TIMD4,-1.3435880648745917,2.656086443569236e-28,DOWN Significant
EIF3G,1.1072751939004206,2.7177327409666236e-28,UP Significant
NUP43,1.388753351507762,3.0061504577979505e-28,UP Significant
NOL6,1.0652965714762432,3.00758829661112e-28,UP Significant
PSMC4,1.2060621798067759,3.038603806308308e-28,UP Significant
SNRPD2,1.3796907098295952,3.258400611973012e-28,UP Significant
LMNA,1.7666878938059325,3.258400611973012e-28,UP Significant
SLC35A4,1.2338622431495718,3.9083072601221306e-28,UP Significant
FAM83F,-1.6593623427392827,4.175756968176516e-28,DOWN Significant
SH3BP5L,1.790012545556622,4.238823786825905e-28,UP Significant
BAP1,1.2591333742726958,5.269581246335116e-28,UP Significant
NPLOC4,1.7735544706202715,5.442037355435491e-28,UP Significant
SFRP5,-2.9953447875416286,5.8271690023984655e-28,DOWN Significant
IDO2,-1.6293795979856902,6.316567578135195e-28,DOWN Significant
COPZ1,1.1090475440586731,6.756550194796578e-28,UP Significant
DAP3,1.3568413305877147,7.03667695440668e-28,UP Significant
TPD52L2,1.6800229893338523,7.168081383309517e-28,UP Significant
RPUSD3,1.0044252140844496,7.642516429801073e-28,UP Significant
PIGF,1.1789683403858615,8.336079882133489e-28,UP Significant
ATP6AP1,1.70455000977591,8.508665943798669e-28,UP Significant
SRD5A2,-3.2644283366929434,9.124457985376253e-28,DOWN Significant
UFC1,1.4465175665268237,9.637863756730489e-28,UP Significant
GPC3,6.637098697656116,9.879296960193533e-28,UP Significant
ANKRD49,1.073784234618723,1.0114358572996103e-27,UP Significant
XPR1,1.640961469618998,1.2679581726678696e-27,UP Significant
BPGM,1.0933056505366525,1.3512338306179463e-27,UP Significant
RNF20,1.2637460906822082,1.4552842891206138e-27,UP Significant
RAMAC,1.2503539750051198,1.4552842891206138e-27,UP Significant
DNASE1L3,-3.2415998353832634,1.6613382558697016e-27,DOWN Significant
ZGPAT,-1.5059532537496203,1.6920310124520334e-27,DOWN Significant
DIRAS3,-1.673846424419692,1.711239653834751e-27,DOWN Significant
SLC33A1,1.0022196760392483,1.742528211714519e-27,UP Significant
EEF2KMT,1.0954276894547326,1.747543149987804e-27,UP Significant
CCDC50,1.0696005248157814,1.747543149987804e-27,UP Significant
PXMP4,1.4224147831672123,1.7746207059086493e-27,UP Significant
CCDC107,1.0991970215896298,1.9567478875274378e-27,UP Significant
PSMB4,1.277002164849077,1.965957861987894e-27,UP Significant
MAP4,1.3354336504912032,1.9946877853360185e-27,UP Significant
PRCC,1.596829909203942,2.1323868699422995e-27,UP Significant
GM2A,1.7929153308685586,2.5290631125852036e-27,UP Significant
QARS1,1.5021636614158433,2.6101304343224994e-27,UP Significant
NEDD8,1.0049367962665707,3.0624750716348956e-27,UP Significant
TMEM250,1.4119546200901132,3.3198276329594754e-27,UP Significant
NAIF1,1.1406945282965766,3.637152436753248e-27,UP Significant
EIF2D,1.301095778481447,4.0626920692930886e-27,UP Significant
TSNAX,1.4259094169213689,4.16120687352499e-27,UP Significant
BLOC1S3,1.2521440681179554,4.309077076106279e-27,UP Significant
CLCN7,1.4920990561725458,4.3791482094464385e-27,UP Significant
LAMC1,2.4551833942525385,4.870543332004687e-27,UP Significant
NSFL1C,1.111247926916775,4.894882342059259e-27,UP Significant
NAA20,1.1160724000503315,5.009056608954994e-27,UP Significant
SAP30L,1.311031829369536,5.263607422815111e-27,UP Significant
RAP2A,1.809036071124174,5.419457031830645e-27,UP Significant
CALM2,1.0156457325150168,5.95789160574674e-27,UP Significant
CD34,2.106433858326017,5.960080449998672e-27,UP Significant
HM13,1.4104154689974253,5.996107271925747e-27,UP Significant
ATP8B1,1.3629908735230118,6.377660946724633e-27,UP Significant
SLC26A6,2.1931322779257663,7.08301806337062e-27,UP Significant
AAGAB,1.210639631134177,7.349760108106292e-27,UP Significant
PPP2CA,1.1645441485886696,7.349760108106292e-27,UP Significant
HSP90AB1,2.3080461553348988,7.695485044844484e-27,UP Significant
TTL,1.512993472667965,8.003970323472124e-27,UP Significant
SPC24,2.176633212491033,9.213872720827848e-27,UP Significant
KIF3B,1.0878579834367121,9.362713938036922e-27,UP Significant
ARFRP1,1.2854886155267935,9.362713938036922e-27,UP Significant
NSL1,1.4615009942192096,9.468291914486563e-27,UP Significant
AAR2,1.0047960528376532,1.0425808509840437e-26,UP Significant
GOSR2,1.3789497755801454,1.1334249854876289e-26,UP Significant
OGG1,1.2477963848402602,1.2295695628291492e-26,UP Significant
PPME1,1.230435939984143,1.2588069849458002e-26,UP Significant
SIRT6,1.2392989013507258,1.287429823586638e-26,UP Significant
STX10,1.244640630397301,1.2941069567735324e-26,UP Significant
POLG2,1.2417123764516413,1.3379474001829515e-26,UP Significant
BOLA2B,1.7572474006834025,1.482412293038421e-26,UP Significant
MRPS14,1.2971484057076181,1.508675399926179e-26,UP Significant
MT1M,-5.518641517967433,1.5268320953015608e-26,DOWN Significant
BCAP31,1.3111727461204579,1.5299342668785292e-26,UP Significant
EFCAB2,1.4268506112376134,1.5369265675399425e-26,UP Significant
NELFB,1.4346460219577422,1.5790898130462892e-26,UP Significant
STIP1,1.7651290272755729,1.612579764308643e-26,UP Significant
TWF1,1.0034540331669497,1.769532219747771e-26,UP Significant
SPRYD3,1.3345826460333492,2.007842401046371e-26,UP Significant
TOMM6,1.4435240324628813,2.0448532614985914e-26,UP Significant
TAX1BP1,1.1328375897402658,2.055008581670716e-26,UP Significant
COG2,1.6597486930918022,2.1288819731987286e-26,UP Significant
SMPD2,1.22786750436882,2.4425494620918902e-26,UP Significant
RBBP5,1.136357102179384,2.4724324966124208e-26,UP Significant
AC004538.3,-1.20070826082185,2.6159713121197794e-26,DOWN Significant
PPOX,1.573024940318462,2.7311737125160155e-26,UP Significant
YWHAB,1.2889927162657777,2.814613941937911e-26,UP Significant
CASP8,1.2476882437919232,2.9168894711388847e-26,UP Significant
HMMR,2.163379836661613,3.051499329489544e-26,UP Significant
MKRN1,1.0021780616707496,3.5549603332691627e-26,UP Significant
CAP2,2.477174687108048,3.628701740211649e-26,UP Significant
KLHL12,1.4425392902128573,3.6634795411735515e-26,UP Significant
PRMT5,1.4620522126282935,3.7611236439854953e-26,UP Significant
CD2BP2,1.2059000822348187,3.816634711763861e-26,UP Significant
PNO1,1.0262219531214085,3.831222377797591e-26,UP Significant
DCTPP1,1.3442899127741055,4.01838865813695e-26,UP Significant
ZNF263,1.1908860138727784,4.065786631203029e-26,UP Significant
CTD-2116N17.1,3.562689759878029,4.407940987688148e-26,UP Significant
LAMTOR1,1.0540331337614512,4.4987604562887576e-26,UP Significant
RAD51C,1.4714139290798398,4.601966447391473e-26,UP Significant
VPS25,1.3510858027128743,5.0989409130397596e-26,UP Significant
HNRNPA3,1.362577177866977,5.410207273512603e-26,UP Significant
ZCCHC9,1.0493479411678646,5.579324812403028e-26,UP Significant
PPIAP22,1.3293395990117176,5.666698887248247e-26,UP Significant
AP5Z1,1.1640274447772687,6.051842542330108e-26,UP Significant
RBM42,1.188805704130667,6.063870836750186e-26,UP Significant
ARHGEF18,1.3150663761376227,6.236989001019128e-26,UP Significant
TP53BP2,1.5691671568427612,6.298285880615424e-26,UP Significant
NECAB3,2.2429832666615783,6.448323432468433e-26,UP Significant
NCSTN,1.7687720316843905,6.528552155297964e-26,UP Significant
RAB24,1.1820862840781619,6.906153628015636e-26,UP Significant
CCDC85C,1.9865712754077895,7.197589467093867e-26,UP Significant
ACTR3,1.204626686621756,7.222293224223851e-26,UP Significant
C18orf21,1.0978277595532626,7.71597891764333e-26,UP Significant
SNX27,1.325296654706335,7.828456114510129e-26,UP Significant
PSMD2,1.3640712805747048,7.943472497638725e-26,UP Significant
LPGAT1,2.1090798918410445,7.943472497638725e-26,UP Significant
RUVBL1,1.3576598788224499,8.702556721803494e-26,UP Significant
TMEM38B,1.3549416680518913,8.813078274672141e-26,UP Significant
NOL7,1.2873984713998992,8.891580475335443e-26,UP Significant
CDC20,2.8775186557429078,9.080277263314912e-26,UP Significant
APH1A,1.3428781122047218,9.337497509672708e-26,UP Significant
SMG7,1.3789516580294165,1.036615239645452e-25,UP Significant
ZNF517,2.1591284374634676,1.044122648396828e-25,UP Significant
RBM34,1.5234243945163461,1.0514448784979669e-25,UP Significant
MAZ,1.5618012792542082,1.0609492112481754e-25,UP Significant
METTL18,1.2894563558663854,1.0634242216831881e-25,UP Significant
VMP1,1.3012875000388657,1.0721880791511373e-25,UP Significant
UTP18,1.3060645398823163,1.073576273244748e-25,UP Significant
DHX37,1.3593445893191332,1.0997559950364181e-25,UP Significant
PSEN1,1.063506421305648,1.1363830632576167e-25,UP Significant
TUBA1B,2.091996313760186,1.1506185063751444e-25,UP Significant
CLTC,1.2366771854162089,1.1863299923691017e-25,UP Significant
EXOC3,1.065918146932507,1.2582304949890983e-25,UP Significant
RMND5B,1.151263889204409,1.304092285228908e-25,UP Significant
SLC36A1,1.1137655194784104,1.3414879125843595e-25,UP Significant
PPIL1,1.52715817631824,1.4603489274249236e-25,UP Significant
SSR2,1.9456575417295925,1.597727378192296e-25,UP Significant
SLU7,1.2338408866035429,1.6409947642336186e-25,UP Significant
PA2G4,1.3812518893603327,1.6620206010694888e-25,UP Significant
LYSMD1,1.2174903764248182,1.6721778260234893e-25,UP Significant
DHX57,1.3589158109730404,1.6721778260234893e-25,UP Significant
GTF3C3,1.212296431724758,1.8720930432060712e-25,UP Significant
MND1,1.944449352192735,1.8720930432060712e-25,UP Significant
RNF26,1.4864966093652976,1.8733122019378796e-25,UP Significant
RBMX2,1.0980897671230019,1.8926328123401686e-25,UP Significant
ZNF205,1.0799943871574205,2.0187182184323356e-25,UP Significant
GORASP2,1.3279522545859113,2.0575581132277057e-25,UP Significant
NSMCE2,1.9658626896336306,2.058015110369515e-25,UP Significant
NCLN,1.0439209379217176,2.089592671841353e-25,UP Significant
CDK5,1.0991914014937176,2.1550599462012846e-25,UP Significant
WDR70,1.0930836494415281,2.217159158844443e-25,UP Significant
NAT9,1.39574264594316,2.3309614538129434e-25,UP Significant
PEA15,2.0299639351864918,2.3309614538129434e-25,UP Significant
YKT6,1.5124730379762066,2.36631106732414e-25,UP Significant
DYNLT5,-1.0691070193281667,2.5506809619616705e-25,DOWN Significant
SLC17A5,1.584975985903509,2.7187652595359932e-25,UP Significant
ATP2A2,1.5532388627261735,2.763691597293314e-25,UP Significant
MRPS12,1.0185601625509104,2.8861393610333904e-25,UP Significant
ABT1,1.1030067488978026,2.98820877619729e-25,UP Significant
EIF2B2,1.2527260761025283,2.9914263076833735e-25,UP Significant
CKLF,1.4348218450583134,3.0399155819354263e-25,UP Significant
RBM3,1.7349672517852728,3.0455483330439895e-25,UP Significant
DUSP22,1.4039022403813024,3.1543105519276986e-25,UP Significant
HSPA14,1.1694814851186504,3.375107710957177e-25,UP Significant
ROBO1,3.1713408463130506,3.557319439249115e-25,UP Significant
CDC37,1.035896342072875,3.557319439249115e-25,UP Significant
UBE2C,3.8987331536073526,3.7027280699430637e-25,UP Significant
GTF2F1,1.1813262056749987,3.9073745322143836e-25,UP Significant
RBM8A,1.477821808435567,3.9889916565684814e-25,UP Significant
SAC3D1,1.8205404782114765,4.037576238852738e-25,UP Significant
REPIN1,1.5577071377110032,4.1500328185693845e-25,UP Significant
CTSA,1.8794870804768324,4.518166235837734e-25,UP Significant
RP11-426C22.7,-1.013622233972896,4.570211639979466e-25,DOWN Significant
RGP1,1.2577889299352956,4.970392229068264e-25,UP Significant
METTL2B,1.1221179589698664,5.125668180527111e-25,UP Significant
CREB3L2,1.4719193700281075,5.153762516573057e-25,UP Significant
ILK,1.0032454201160457,5.189604614837287e-25,UP Significant
ZNF143,1.3122367661916887,5.297817164385442e-25,UP Significant
GTPBP3,1.1298150420032353,5.714500363432131e-25,UP Significant
LARS1,1.3843275217770588,6.236159159727655e-25,UP Significant
DNAJC14,1.2655894774100505,6.415716729823409e-25,UP Significant
TRMT1,1.3563492425600976,6.863759096728843e-25,UP Significant
URM1,1.3025429000924822,6.9514445773729715e-25,UP Significant
NME7,1.1450111225046122,7.583308239776471e-25,UP Significant
GIPC1,1.4509930061161915,7.588250460899195e-25,UP Significant
LASP1,1.8071266663999834,7.956187119267634e-25,UP Significant
HDAC5,1.6987118011166071,8.352689743063425e-25,UP Significant
TMEM209,1.3918206439521705,8.605859488961474e-25,UP Significant
CMTR1,1.1308073865373713,8.709484829564237e-25,UP Significant
CDC123,1.261717560193342,9.01467239875942e-25,UP Significant
SRPK1,1.5027180963904638,9.152317585455998e-25,UP Significant
PDIA3P1,1.3868770032626712,9.33670544434055e-25,UP Significant
GDI1,1.2677517034115073,9.49769123823163e-25,UP Significant
ZFR,1.1773358158653582,9.713811178956327e-25,UP Significant
TTC27,1.0174088237610095,9.940100768146435e-25,UP Significant
CASC3,1.7360279387105098,9.940100768146435e-25,UP Significant
BRAT1,1.1119246846364388,9.966901215199682e-25,UP Significant
CCDC137,1.3363949389018415,1.0272349995439077e-24,UP Significant
BROX,1.298948320580251,1.0404947232461095e-24,UP Significant
MRPL30,1.0109578485699098,1.0419897300046365e-24,UP Significant
UTP6,1.2836531304344567,1.141649867673916e-24,UP Significant
MIR4435-2HG,2.4334598123365176,1.1526257003506359e-24,UP Significant
PYCR2,1.5634691071806266,1.1863513151560014e-24,UP Significant
ALYREF,1.6494855979218248,1.2395128230766248e-24,UP Significant
TSEN54,1.6980234799418725,1.2926693232757627e-24,UP Significant
GLMP,1.9857092187612402,1.2926693232757627e-24,UP Significant
GMPS,1.4874911010224992,1.298356570490658e-24,UP Significant
PPP6R1,1.4769794457383916,1.3059826313886836e-24,UP Significant
BIRC5,2.7187705379270604,1.3575866951758646e-24,UP Significant
TMEM115,1.1737233779673568,1.3575866951758646e-24,UP Significant
UXS1,1.7960795803465963,1.3813288188240275e-24,UP Significant
SNTA1,1.1399682569038991,1.3875799740089642e-24,UP Significant
ADCK2,1.4240900831454169,1.4769778810793615e-24,UP Significant
TMEM106C,2.0919395844653312,1.4934845057836568e-24,UP Significant
ACBD6,1.6447780040541753,1.7854069449445867e-24,UP Significant
UBAP2L,1.998872504136246,1.8420137458304993e-24,UP Significant
ABCF2,1.2426794477420053,1.937551601162166e-24,UP Significant
NUP155,1.3278197159840968,2.0222432437694514e-24,UP Significant
C11orf68,1.112683064679703,2.0846046147635577e-24,UP Significant
DCTN4,1.133605079312201,2.0970494881443176e-24,UP Significant
ERVK3-1,1.1194320772071582,2.13958930099745e-24,UP Significant
KXD1,1.055988222325552,2.13958930099745e-24,UP Significant
TMEM39A,1.0577431759916287,2.1494012644454373e-24,UP Significant
CLTA,1.233498615770082,2.222878852698901e-24,UP Significant
UBE2Z,1.412947763989639,2.251678425721292e-24,UP Significant
HDAC11,1.9625158840412553,2.251678425721292e-24,UP Significant
PHB,1.2384072079586899,2.3261382774318084e-24,UP Significant
CYBC1,1.468129298082729,2.351963090579779e-24,UP Significant
SLC39A13,1.3174358599107805,2.3908605287796043e-24,UP Significant
POLR3F,1.2441257408138073,2.461071852444532e-24,UP Significant
CD5L,-3.5251021077089284,2.477188764162533e-24,DOWN Significant
LYRM2,1.3545082217420488,2.9020740745431093e-24,UP Significant
METTL5,1.1789825232398856,2.9020740745431093e-24,UP Significant
MAP2K2,1.2236626755844817,2.9020740745431093e-24,UP Significant
USF1,1.396689043493185,2.9373244370315782e-24,UP Significant
THEM4,1.5487480972594199,3.0376621216542223e-24,UP Significant
RNASEH2A,2.1196533219116622,3.2521599939124814e-24,UP Significant
NABP2,1.6497853372777902,3.3309131495443536e-24,UP Significant
C17orf80,1.225118799374533,3.374221437500068e-24,UP Significant
DESI2,1.4789220189328374,3.4005830520675446e-24,UP Significant
ZDHHC3,1.071734922549489,3.4251711233482715e-24,UP Significant
EIF3B,1.2603997966099572,3.47843545756591e-24,UP Significant
CEP350,1.0900830623833413,3.534978400317796e-24,UP Significant
RAD50,1.0875839244234524,3.675176690187918e-24,UP Significant
CYB561A3,1.3888241680671651,3.7029533960891696e-24,UP Significant
SMG8,1.1911220245811525,3.7029533960891696e-24,UP Significant
RALBP1,1.118732432279351,3.7213795946576795e-24,UP Significant
SKP1,1.1995903012897484,3.79497277633576e-24,UP Significant
VBP1,1.4445378303612912,3.8355575651492076e-24,UP Significant
APOF,-4.118102618193518,3.905544195575588e-24,DOWN Significant
BCAP29,1.0600196217329065,3.94900558362289e-24,UP Significant
LIFR,-1.7318598722186227,4.0191836774403766e-24,DOWN Significant
SYNGR2,1.5509541789316375,4.1978421836489976e-24,UP Significant
UBE2V1,1.1088796815174629,4.270287018661043e-24,UP Significant
ATP6V1F,1.3603610090821823,4.602709972349424e-24,UP Significant
BCAT2,2.297103591301112,4.623156379649579e-24,UP Significant
E2F1,2.87736654999756,4.6495785999817045e-24,UP Significant
TCP1,1.3209033176533334,4.674915523011562e-24,UP Significant
EEF1E1,1.7883792527976796,4.735857416843885e-24,UP Significant
ATG13,1.190816621449069,5.10165470020282e-24,UP Significant
CHTOP,1.3161503874233298,5.343440684605438e-24,UP Significant
FAM99A,-2.2643222295866883,5.379039444468611e-24,DOWN Significant
ISG20L2,1.5827989845987411,5.614094887779163e-24,UP Significant
ARMC7,1.1313020465736998,5.833508021420408e-24,UP Significant
SLC35B1,1.1153070451525737,5.8674944947545214e-24,UP Significant
RNPEPL1,1.2003092416950318,5.882475695104209e-24,UP Significant
CCNA2,2.29950888528933,6.098209770401955e-24,UP Significant
RTF2,1.0031588202701132,6.146770034205225e-24,UP Significant
FEN1,2.12865628362065,6.274727254495615e-24,UP Significant
EOLA2,1.0548250769671572,6.477257218462347e-24,UP Significant
CENPL,1.515296027996226,6.591967286063939e-24,UP Significant
UBE2Q1,1.4611865199704792,6.896573763914513e-24,UP Significant
SHC1,1.5836902593324353,7.238069222518895e-24,UP Significant
B4GALT7,1.075820517801509,7.388088978635699e-24,UP Significant
CPSF6,1.5567557010450281,7.469102131659464e-24,UP Significant
FAM20B,1.365685294628646,7.578821814492103e-24,UP Significant
AURKA,2.294497763575431,7.822631393466219e-24,UP Significant
NOA1,1.1978758315505464,8.149444140158149e-24,UP Significant
PTGES2,1.1199885469834783,8.359099947755942e-24,UP Significant
RPL38,1.1102669485725976,8.780155046412818e-24,UP Significant
CUL2,1.0649952149894761,8.949634519038807e-24,UP Significant
HDGFL2,1.2919650726124097,9.316555228575094e-24,UP Significant
EFTUD2,1.5335099198078286,9.37653108093e-24,UP Significant
TCIM,-2.638639494568293,9.643920782375683e-24,DOWN Significant
SLC35F6,1.1132049282142988,9.814323347571617e-24,UP Significant
CTU1,1.0464123568461443,1.0051282042243878e-23,UP Significant
SMAP1,1.2088166195228096,1.0613933594594873e-23,UP Significant
SMG5,2.0141196084696795,1.075907096539966e-23,UP Significant
NUP85,1.2873827505325672,1.1373961295731834e-23,UP Significant
TAOK2,1.1505173535227895,1.157629599430668e-23,UP Significant
PSMG3,1.2068744237963145,1.1743985031090098e-23,UP Significant
KIFAP3,1.0497911011682381,1.1909986027151477e-23,UP Significant
TOMM40L,2.1047508029468833,1.1977546386305377e-23,UP Significant
ANGPTL6,-2.637847427021952,1.258824860109977e-23,DOWN Significant
IDNK,-1.2464674544015568,1.2628651850753041e-23,DOWN Significant
CRELD1,1.0234295408878338,1.2699477042743161e-23,UP Significant
NPY1R,-1.178330720822668,1.4550194196885158e-23,DOWN Significant
ALCAM,1.467837186970396,1.4592399878696505e-23,UP Significant
DDX49,1.2150444808985958,1.4600503586311133e-23,UP Significant
DPAGT1,1.2474141110968047,1.4692566372379768e-23,UP Significant
FOLH1B,-2.307021762710573,1.5083673816977097e-23,DOWN Significant
SNRPB,1.9615668724108763,1.5230990100453652e-23,UP Significant
CYP39A1,-3.092999049155675,1.6092962086745633e-23,DOWN Significant
NUSAP1,2.4777213228047534,1.6107479973236512e-23,UP Significant
TCHP,1.2679715196966717,1.665071970461867e-23,UP Significant
TRIM37,1.3325500270781936,1.6984169505205095e-23,UP Significant
MCRS1,1.481894931333409,1.7243165032404853e-23,UP Significant
FAM189B,1.9447551443209976,1.7335133494514044e-23,UP Significant
MTX1,1.2010486645217648,1.793563235508072e-23,UP Significant
SOX13,1.799045422067513,1.802701099222124e-23,UP Significant
GTPBP4,1.165595521969267,1.802701099222124e-23,UP Significant
NTAQ1,2.089395604257603,1.8241661504948294e-23,UP Significant
SNX11,1.1950003014236543,1.8487112160482302e-23,UP Significant
ITPK1,1.1403180755533104,1.8674476434052922e-23,UP Significant
PIAS3,1.5169048258950202,1.8912059107049727e-23,UP Significant
CBX8,1.4157955851924944,1.9364583130320087e-23,UP Significant
ARMC1,1.3582734133165455,2.009161052637812e-23,UP Significant
RUVBL2,1.100371429359865,2.0321165664279224e-23,UP Significant
NONO,1.4675692164531515,2.0936795460421404e-23,UP Significant
ARIH2,1.0130149742564156,2.0995092546065448e-23,UP Significant
U2AF2,1.2196709098167275,2.1638931431114672e-23,UP Significant
UTP14A,1.1016853532053872,2.1871648958358592e-23,UP Significant
CSRNP1,-1.4245457352223792,2.2316782568793252e-23,DOWN Significant
XYLT2,1.3379691964651004,2.235606544296019e-23,UP Significant
HMBS,1.0825289623729222,2.235606544296019e-23,UP Significant
NACC1,1.6089556975662447,2.3659460200848386e-23,UP Significant
CENPW,2.3558483158927706,2.3980079487331593e-23,UP Significant
RAD1,1.3586862938622994,2.4279167854113215e-23,UP Significant
RUSC1,1.919181440270212,2.434471715816578e-23,UP Significant
UBN1,1.1392419101083848,2.443984966290267e-23,UP Significant
HYOU1,1.5391724326088485,2.5063724905519176e-23,UP Significant
LINC02428,-2.6858879873207195,2.556309434639957e-23,DOWN Significant
CSNK1E,1.7458315394786381,2.6619989918770405e-23,UP Significant
PLAC8,-2.3609266740440065,2.817622042811596e-23,DOWN Significant
FARSA,1.1359635693015737,2.8939135543712403e-23,UP Significant
UBL4A,1.1596882002059892,2.947792725182798e-23,UP Significant
RAB35,1.1291821832655686,2.9478689749721585e-23,UP Significant
IQGAP3,1.7994015103223804,2.967687912207272e-23,UP Significant
MRGBP,1.3067257502772944,2.9906846793854227e-23,UP Significant
SNHG20,1.0403960651137056,3.082587394736065e-23,UP Significant
TNFRSF4,1.7320489154845529,3.1689339220007253e-23,UP Significant
VPS16,1.1810496773411638,3.3832914797423465e-23,UP Significant
TPP1,1.1853162786254972,3.472565158007064e-23,UP Significant
FAM120AOS,1.1095319961563694,3.535635271996885e-23,UP Significant
EIF2B1,1.1711946483857436,3.535740019257853e-23,UP Significant
RECQL,1.3211720639169602,3.552250583607408e-23,UP Significant
SRP9,1.1670852701803334,3.604154082334447e-23,UP Significant
RNF8,1.4195758775092688,3.610242134691324e-23,UP Significant
SEPTIN8,1.5708348216976327,3.694320120814196e-23,UP Significant
USP14,1.3455780169792688,3.8185300603339375e-23,UP Significant
DRG2,1.1359915150367597,4.068431002223931e-23,UP Significant
CACYBP,1.711233356500343,4.09744546236951e-23,UP Significant
PRC1,2.6667642979126978,4.349940989115556e-23,UP Significant
CCL15,1.5481354168970434,4.4345752454808413e-23,UP Significant
MPV17L2,1.0912342222053533,5.165850235743052e-23,UP Significant
TRAF2,1.3749030760615022,5.2120710037598026e-23,UP Significant
OXLD1,1.3373750753015226,5.271841359908876e-23,UP Significant
NOSIP,1.0888890703042522,5.456865166172932e-23,UP Significant
MARCHF6,1.039017300473553,5.797291226564092e-23,UP Significant
SLC30A6,1.136561015682368,5.80589722527802e-23,UP Significant
C8orf33,1.6871787254604533,5.830941932698234e-23,UP Significant
TPGS2,1.7841754454531005,5.84848192710896e-23,UP Significant
ZNF687,1.6054379978838638,5.870396040384305e-23,UP Significant
ZC3H3,1.4060787630093472,6.136294415395273e-23,UP Significant
RHOC,1.3068453093989536,6.289595146477856e-23,UP Significant
PRUNE1,1.523377892320247,6.463455856455804e-23,UP Significant
ERCC3,1.1149443020385124,6.668929197035448e-23,UP Significant
DCTN1,1.1943528418356726,6.670085132923725e-23,UP Significant
RPP21,1.0052435442709995,6.683336730688284e-23,UP Significant
NSUN5,1.382363035070055,6.744879845939016e-23,UP Significant
MACROH2A1,1.6068656578291733,7.05407072071271e-23,UP Significant
PCSK7,1.2556620069257147,7.319257996176782e-23,UP Significant
LEMD2,1.338458858214485,7.359304375521884e-23,UP Significant
TRMT6,1.3211396820519994,7.437100997510284e-23,UP Significant
RCAN1,-1.5106071379450903,7.437100997510284e-23,DOWN Significant
DDX27,1.1898707874310528,7.62522508681237e-23,UP Significant
CIDECP1,1.1175329193858867,7.692015635465283e-23,UP Significant
FAM219A,1.221470327046104,7.701734439528886e-23,UP Significant
DENND5A,1.1607323192525434,7.875827102764902e-23,UP Significant
YAE1,1.2555835853110757,8.341075004127295e-23,UP Significant
RNF213,1.3623184423831929,8.423092215332615e-23,UP Significant
RP11-676J12.7,-1.3430472667643232,8.753599512125075e-23,DOWN Significant
CIAPIN1,1.085753865855302,8.827904918535645e-23,UP Significant
ZNF282,1.2839053758100811,8.949001301931018e-23,UP Significant
BOP1,1.9139656885584522,8.962921514159007e-23,UP Significant
ISCA2,1.0964465665332428,9.319869179768891e-23,UP Significant
POLE3,1.1396494186123918,9.363769683111573e-23,UP Significant
CSTF2,1.0961731808442894,9.363769683111573e-23,UP Significant
LANCL1,1.5936537640938644,9.503231770864923e-23,UP Significant
DIPK2B,1.3120772517797237,1.0012569168169271e-22,UP Significant
STMN1,2.846891262153314,1.0434457838985855e-22,UP Significant
MBD1,1.1238428585919773,1.0460621845910709e-22,UP Significant
CAPNS1,1.183557878002845,1.0523744280085816e-22,UP Significant
SGTA,1.0068168511038929,1.063920111080322e-22,UP Significant
MED27,1.2660114696455564,1.0743205838869223e-22,UP Significant
DALRD3,1.1906791435270758,1.115492869358694e-22,UP Significant
PARP2,1.3199823134655984,1.1165830746823018e-22,UP Significant
TMEM14C,1.0350032437356704,1.1238691436978369e-22,UP Significant
TBL2,1.2471994237289419,1.2883761468789754e-22,UP Significant
XRCC1,1.3630433339952224,1.3435369623639244e-22,UP Significant
MIF4GD,1.3971920949029633,1.40670925148517e-22,UP Significant
H2AZ2,1.366473710848144,1.406972934865805e-22,UP Significant
MLST8,1.0736852690455354,1.4110194147479909e-22,UP Significant
NCKAP1,1.2461747293317993,1.4547336029701156e-22,UP Significant
ADIPOR1,1.1351293166758616,1.4547336029701156e-22,UP Significant
NEU1,1.4988370640334838,1.4641444456114582e-22,UP Significant
SUB1,1.354988253949978,1.4666670936313831e-22,UP Significant
THUMPD3,1.043000142108304,1.4855653920146887e-22,UP Significant
SUCO,1.7122861055469225,1.497378914063012e-22,UP Significant
KHDC4,1.607350666130174,1.5145427446318982e-22,UP Significant
PDCD2L,1.3944566150091782,1.5392462171745276e-22,UP Significant
PPP1R37,1.3031291207843418,1.6159805410029234e-22,UP Significant
SPATS2,1.824619118061525,1.6239909020714165e-22,UP Significant
PWP1,1.138802051572826,1.629865077849081e-22,UP Significant
NUDT3,1.2307587605450687,1.6738372251952033e-22,UP Significant
RACGAP1,2.144629047773944,1.7048422593179366e-22,UP Significant
MED24,1.5043807401118166,1.7749038857626503e-22,UP Significant
TIMM17B,1.0860680301592263,1.7749038857626503e-22,UP Significant
ATG12,1.0110941068747854,1.7780522660937565e-22,UP Significant
CDC27,1.2308045863911152,1.81882387872222e-22,UP Significant
STXBP6,2.061126712249762,1.858017152107482e-22,UP Significant
IRGQ,1.2376067065455467,1.8898862266019783e-22,UP Significant
ANKRD52,1.6288848873342883,1.8999754631804146e-22,UP Significant
ZWINT,2.5300816669977397,1.933670131191203e-22,UP Significant
XPOT,1.342905040913037,1.9710926356681863e-22,UP Significant
DDX23,1.1281874437196269,2.002854501485994e-22,UP Significant
AP2A1,1.2052067620702829,2.040073687160546e-22,UP Significant
WASHC5,1.4805997524633088,2.0403920905847179e-22,UP Significant
SLC38A9,1.3186203615229264,2.056447820256004e-22,UP Significant
FKBP8,1.1215229996785325,2.2423502663978325e-22,UP Significant
PPHLN1,1.2186499771097314,2.307230302273725e-22,UP Significant
TOP2A,3.1736279522197184,2.391193194148376e-22,UP Significant
TMEM106B,1.0211322793836421,2.4089780295149506e-22,UP Significant
TUBA1C,1.831856029116083,2.4844104030609117e-22,UP Significant
FIBP,1.2999634232434274,2.4844104030609117e-22,UP Significant
PRELID1,1.014801821550047,2.5194657818060913e-22,UP Significant
GNPAT,1.5982065470591906,2.5622472211368446e-22,UP Significant
WSB2,1.4910480884144413,2.589421671351032e-22,UP Significant
NIF3L1,1.1470194531474007,2.643629499903576e-22,UP Significant
TIMM50,1.0595996871160382,2.6763944561754207e-22,UP Significant
PSMD14,1.321252379758623,2.836987867490039e-22,UP Significant
BTN2A2,1.2395136821481798,2.938924568530445e-22,UP Significant
USP5,1.35698056514414,2.9606346341996357e-22,UP Significant
AKIP1,1.350044987767736,2.9618851904251577e-22,UP Significant
STT3A,1.4835387640705529,3.0537290726827686e-22,UP Significant
AATF,1.237741851136673,3.087795109840651e-22,UP Significant
CARM1,1.3457336749318136,3.1931377732949473e-22,UP Significant
ZNF740,1.4484009452855566,3.312213461695644e-22,UP Significant
KRTCAP2,1.5662109353053904,3.321638843654411e-22,UP Significant
GMNN,2.610568958504795,3.334070997108268e-22,UP Significant
DROSHA,1.3110382730678438,3.3434153204826514e-22,UP Significant
PRPF6,1.1946199267538757,3.3923757188232236e-22,UP Significant
PIP4K2C,1.032246904692295,3.5239360258795885e-22,UP Significant
CAPRIN1,1.3818290073761617,3.831684376206146e-22,UP Significant
HGS,1.3800935446054603,3.9292356365763614e-22,UP Significant
MAPKAPK2,1.2336276538462547,4.159751731450352e-22,UP Significant
TDP2,1.057544024929931,4.290739042791663e-22,UP Significant
DPH3,1.1717935413922498,4.385510306947731e-22,UP Significant
TRIM11,1.6108608499763055,4.419105951948462e-22,UP Significant
SPRTN,1.0756677086732962,4.419105951948462e-22,UP Significant
C7orf50,1.310289302088992,4.4560704566737135e-22,UP Significant
TRMT12,1.1211447747343133,4.533319468144683e-22,UP Significant
CENPQ,1.4702234439006623,4.835981082539164e-22,UP Significant
ZFYVE26,1.1151199851703995,5.069756646232161e-22,UP Significant
HEATR1,1.4241510079544484,5.183124052042077e-22,UP Significant
ARHGEF11,1.7383050744682909,5.373644472753979e-22,UP Significant
EXOC2,1.0912252646595693,5.386908030209964e-22,UP Significant
SMARCE1,1.411894262529716,5.421202094551084e-22,UP Significant
TCOF1,1.4191249282980078,5.54984648788568e-22,UP Significant
TFE3,1.0052330240500726,5.758358077827316e-22,UP Significant
MFSD2A,-4.040126223971807,5.90285993565527e-22,DOWN Significant
RUFY1,1.0626333556308607,5.90285993565527e-22,UP Significant
CDK1,2.9539524748197032,5.953334873982837e-22,UP Significant
ACBD3,1.2690582098685708,5.954589294782351e-22,UP Significant
COMMD5,1.460866420694812,5.954589294782351e-22,UP Significant
GPAA1,1.8667532424858875,5.982111156304044e-22,UP Significant
TBCE,1.6325351674837925,6.078126865621807e-22,UP Significant
WASF2,1.3795150934036524,6.230696484275944e-22,UP Significant
LINC01620,-1.3086918539799148,6.427045674956513e-22,DOWN Significant
COA6,1.7506408802141484,6.50250922601354e-22,UP Significant
LRRC20,1.6141057204855773,6.560199611149525e-22,UP Significant
PRIM2,1.560903883101689,6.761749844461131e-22,UP Significant
PBK,2.1619713404790484,6.763523675177713e-22,UP Significant
FAM91A1,1.1810250846283958,6.805852040029238e-22,UP Significant
DPP3,1.1797395024665454,6.867481951396319e-22,UP Significant
TK1,2.583236917859497,6.993214936896464e-22,UP Significant
PSMD1,1.0883697972162563,7.078559028677783e-22,UP Significant
RPTOR,1.1304945081771327,7.078559028677783e-22,UP Significant
EFNA4,1.7997638323645972,7.592411704267197e-22,UP Significant
DCAF13,1.5765071448666839,7.7896813817767e-22,UP Significant
DYNLL1,1.3982333685530506,7.855989652318692e-22,UP Significant
REXO4,1.0462069148418545,7.967430647990882e-22,UP Significant
EED,1.0989431162938779,8.193407358257366e-22,UP Significant
TSEN15,1.2551765360239968,8.404652213198239e-22,UP Significant
NRAS,1.5588571630703627,8.440715704641246e-22,UP Significant
ARF1,1.1487457518025268,8.863831675524386e-22,UP Significant
PAK1IP1,1.0436591318044912,8.893076470185973e-22,UP Significant
SNF8,1.240299589936325,8.893076470185973e-22,UP Significant
KCTD2,1.4313912673124933,8.982817155470322e-22,UP Significant
MFF,1.2009398129862499,9.008636993218571e-22,UP Significant
SMAD5,1.2784764650788678,9.11497549411922e-22,UP Significant
UBE2M,1.138580539267143,9.202896100245805e-22,UP Significant
ADAM10,1.585579868056234,9.20314376050887e-22,UP Significant
NEK2,2.4285193212114065,9.511794599305218e-22,UP Significant
AKAP1,1.014222553184823,9.951858539135704e-22,UP Significant
EMG1,1.0196425611791806,1.0007119055675474e-21,UP Significant
HAND2-AS1,-1.4431563472719806,1.00367822270459e-21,DOWN Significant
CDK16,1.5399978384435387,1.0136195461751078e-21,UP Significant
CNIH4,1.9370096058592612,1.0454063439999798e-21,UP Significant
MDK,4.760039029840399,1.0454063439999798e-21,UP Significant
MAN2A1,1.030307297466715,1.0542842423329171e-21,UP Significant
MROH2A,-1.4236562159657558,1.0574118576142168e-21,DOWN Significant
RPS6KA4,1.183185134481719,1.1080062348129309e-21,UP Significant
MTCH1,1.2797970001969103,1.1452392481381475e-21,UP Significant
GRAMD1A,1.7687147590757295,1.1504019650498143e-21,UP Significant
CSNK1D,1.2204918083871492,1.1504872945463517e-21,UP Significant
FAM83D,2.207078908070796,1.164603658696839e-21,UP Significant
NDC80,2.016649524171886,1.2065307446779868e-21,UP Significant
CDK7,1.2222796367601678,1.2167415213184735e-21,UP Significant
AVL9,1.2037426434224414,1.2226514653292137e-21,UP Significant
ZNF322,1.289204524409645,1.233195003490889e-21,UP Significant
DTYMK,1.765451966343492,1.2352971592679472e-21,UP Significant
LMAN2,1.074169962628619,1.2486364936735593e-21,UP Significant
TMED9,1.281820074696875,1.2919910714789096e-21,UP Significant
NKIRAS2,1.3230790265678598,1.2934532124797346e-21,UP Significant
WDR12,1.4474778545373899,1.3156251926798048e-21,UP Significant
TMBIM1,1.5738984135748142,1.3156251926798048e-21,UP Significant
SLC25A3,1.0994059464659696,1.3199264520638322e-21,UP Significant
PEX2,1.2308763619233907,1.3268035396743808e-21,UP Significant
FTSJ1,1.2307272540332304,1.4809205556671604e-21,UP Significant
CAPZA2,1.1292409145626756,1.4851489689090112e-21,UP Significant
NAA60,1.0422961194818736,1.521819753179635e-21,UP Significant
TARBP1,2.1709906692611387,1.5441602299341283e-21,UP Significant
CCDC86,1.4454332399069978,1.566232202270759e-21,UP Significant
PTGES3,1.368618310774731,1.580742614343865e-21,UP Significant
CCT6A,1.5150383039107709,1.585949340291778e-21,UP Significant
UFD1,1.1621967790501113,1.788752397013305e-21,UP Significant
USP39,1.2642947820063384,1.838046075260321e-21,UP Significant
SEPHS1,1.0630891260104005,1.8609466195730537e-21,UP Significant
RFC4,2.336851780070599,1.88500974512175e-21,UP Significant
DMWD,1.111049756005265,1.9081524232014523e-21,UP Significant
TMEM14A,1.1726892004918756,1.9868136302403565e-21,UP Significant
ZFP64,1.2229705892090565,1.9868136302403565e-21,UP Significant
BRIX1,1.18680051648291,1.9868136302403565e-21,UP Significant
TOMM34,1.2100079229580678,1.992527676178824e-21,UP Significant
SLC39A3,1.2898240316317975,2.0852078029850818e-21,UP Significant
SEPTIN9,1.5601154390126504,2.1856980760472682e-21,UP Significant
CENPB,1.0170538749970586,2.1979223976382722e-21,UP Significant
NSD1,1.2109882455985774,2.2164534222808714e-21,UP Significant
ANGPTL1,-1.6239471485862293,2.2396815885503475e-21,DOWN Significant
PPP2R5A,1.332758194601651,2.2603310763829303e-21,UP Significant
RBBP4,1.2546350894361602,2.2861654231960522e-21,UP Significant
TROAP,2.7563691777181045,2.3530837941539387e-21,UP Significant
SP1,1.0878440959087357,2.39544632948392e-21,UP Significant
GPN1,1.0126328911743876,2.4237474813625906e-21,UP Significant
SF3A3,1.0192122422301426,2.4366556117906446e-21,UP Significant
HNRNPUL1,1.2140724635017168,2.516436402537976e-21,UP Significant
WIPI2,1.1130726036282361,2.5701180825090627e-21,UP Significant
PSMD9,1.0433806826099117,2.6020547787575937e-21,UP Significant
DKC1,1.3384024254735478,2.6020547787575937e-21,UP Significant
MCM3,2.293922330753987,2.608984282717804e-21,UP Significant
CCDC97,1.5071956310779335,2.634796182293602e-21,UP Significant
GRN,1.5566553523050146,2.653785464100924e-21,UP Significant
ERBB3,1.682642571824367,2.7121862588327177e-21,UP Significant
GOLT1B,1.3813774878260552,2.7229530285016954e-21,UP Significant
NUP37,1.724025888588499,2.7354338956512385e-21,UP Significant
GPATCH2,1.1536573325579145,2.7743579972759612e-21,UP Significant
WAC,1.0958262990470162,2.778768048100167e-21,UP Significant
SLC22A23,1.9300660445447537,2.8431061529196046e-21,UP Significant
ITPKA,2.0564708812458727,2.8803978532704993e-21,UP Significant
FXR1,1.1849081787659053,2.907875671255695e-21,UP Significant
PUF60,1.4594281950192007,2.9448908108279863e-21,UP Significant
CFL1,1.2426714552770113,2.9713787000459855e-21,UP Significant
UBP1,1.0318401684851124,3.0072501127010947e-21,UP Significant
PI4KB,1.5256337563951945,3.0739046215316598e-21,UP Significant
COMMD10,1.0792685940873463,3.1227974371162855e-21,UP Significant
PTPN1,1.0890678070580764,3.209228339754869e-21,UP Significant
SNAPC2,1.1633457369580662,3.270779343651489e-21,UP Significant
ELOVL1,1.371586676906447,3.2986241385875412e-21,UP Significant
SDF2,1.1022266404238215,3.2986241385875412e-21,UP Significant
LYRM4,1.496234810747569,3.3165437619292284e-21,UP Significant
JTB,1.0294502863344563,3.3881098102871113e-21,UP Significant
COL4A1,2.244190042689059,3.4630182469931925e-21,UP Significant
SAMD4B,1.3329544503344923,3.6302227568411125e-21,UP Significant
MARK4,1.6076655796032928,3.64186124193386e-21,UP Significant
TMED2,1.0457044815564407,3.757899641771909e-21,UP Significant
AP1S1,1.0277172804312986,3.807926940529514e-21,UP Significant
ANKZF1,1.2373427421295364,3.8273786236292486e-21,UP Significant
TEPSIN,1.2666883153157467,3.832870391925413e-21,UP Significant
WDCP,1.1065293384465504,3.90826152183282e-21,UP Significant
PLPPR2,1.5745919048261523,4.063968470316115e-21,UP Significant
TDRKH,1.6845357458740033,4.066998794473901e-21,UP Significant
CNOT9,1.4645444783913568,4.263395322283556e-21,UP Significant
TMEM94,1.5824770520359488,4.411536373903714e-21,UP Significant
PCNX3,1.4216352541389767,4.432983729503569e-21,UP Significant
TMEM147,1.4871689447315042,4.6394052432241665e-21,UP Significant
METTL2A,1.1807226065787435,4.68556396204704e-21,UP Significant
ATXN7L3,1.6256305288818145,4.8895875168995595e-21,UP Significant
CSE1L,1.4904979942016996,4.8922997995687175e-21,UP Significant
HNF1A,1.1622272349512737,4.959973096828863e-21,UP Significant
COMMD4,1.2008566096985405,5.0262341507373504e-21,UP Significant
WDR4,1.3387689450110491,5.032250068006972e-21,UP Significant
DPF2,1.269552511960352,5.0872486385042295e-21,UP Significant
IQSEC1,1.3995221871509953,5.313299176215181e-21,UP Significant
CNPPD1,1.0621356479617043,5.31508889050358e-21,UP Significant
RIC8A,1.0602090021274213,5.437991814208123e-21,UP Significant
GGA3,1.271483079212245,5.4404018985419045e-21,UP Significant
CENPU,1.7661088095846575,5.5479799415039205e-21,UP Significant
C6orf62,1.3094287069803707,5.856682534556534e-21,UP Significant
ZFP62,1.2060533484330047,6.052988679956741e-21,UP Significant
THY1,2.8853487703302916,6.106456794565534e-21,UP Significant
NVL,1.574653356391632,6.154961832355295e-21,UP Significant
C1orf198,2.0226985046616477,6.347752301717958e-21,UP Significant
PRKCSH,1.0884334510795544,6.431577256196057e-21,UP Significant
PHOSPHO2,1.0899478663122149,6.503965734269764e-21,UP Significant
C14orf119,1.1163911260748396,6.592589583763527e-21,UP Significant
COPE,1.0896185053241672,6.592589583763527e-21,UP Significant
SF3A2,1.571490165563981,6.593175046645049e-21,UP Significant
EIF2B4,1.043748525183978,6.6359745260840434e-21,UP Significant
RPP40,1.4159013033138517,6.670212307707297e-21,UP Significant
ARPC2,1.1084250013277401,6.793112942634686e-21,UP Significant
PPM1G,1.2469451049013514,6.827574833200717e-21,UP Significant
MAPK3,1.555577994936225,6.950852477079524e-21,UP Significant
KDM8,-2.534280507776992,7.01450365167505e-21,DOWN Significant
CNDP1,-3.182076826502392,7.077416369332766e-21,DOWN Significant
ESF1,1.083146830856567,7.13449568160839e-21,UP Significant
DAG1,1.0912265876163438,7.560369218509138e-21,UP Significant
DAZAP1,1.0815640991230948,7.613234467593967e-21,UP Significant
RO60,1.0462747086015802,7.695270536678652e-21,UP Significant
C14orf93,1.265261816343535,7.708113768835849e-21,UP Significant
CAMK2G,1.1482709081568163,7.945359087747934e-21,UP Significant
CDKN2C,1.9807815784534337,8.027952384959582e-21,UP Significant
TTC37,1.195545303883315,8.056663386911783e-21,UP Significant
SCAF1,1.0815032828311852,8.163749077410814e-21,UP Significant
SLC46A1,1.2638939899526926,8.451720201700075e-21,UP Significant
CDCA8,1.8660927332776847,9.231468521996194e-21,UP Significant
H2AZ1,1.6753339127876332,9.358686696215352e-21,UP Significant
BPNT1,1.3075210651900462,9.412356799163442e-21,UP Significant
AREL1,1.2320233341279307,9.86043831128708e-21,UP Significant
KATNB1,1.2034093257168712,9.969160009044632e-21,UP Significant
PSMD10,1.2438475745600304,1.0119600994825831e-20,UP Significant
UBFD1,1.1561818098353056,1.0142250779741799e-20,UP Significant
EPRS1,1.3834854272844268,1.0222280773989052e-20,UP Significant
PGS1,1.4109894638326328,1.037247620251493e-20,UP Significant
GOLGA3,1.320316381839015,1.097203393165287e-20,UP Significant
ESR1,-2.1522925271101165,1.112434464108857e-20,DOWN Significant
DNAJC5,1.6145725340469723,1.1714569145603679e-20,UP Significant
BOLA2-SMG1P6,1.3376847491105166,1.204658564109574e-20,UP Significant
CNOT11,1.5829996619867885,1.2508541709212801e-20,UP Significant
KAT7,1.2966549292130467,1.2882587507674339e-20,UP Significant
WASH9P,1.0950453066755172,1.334761906509357e-20,UP Significant
VARS1,1.0134245905633272,1.3374045194245172e-20,UP Significant
GPR108,1.034918796172109,1.3819254413378644e-20,UP Significant
GBP2,1.9280805225744255,1.3902800294875847e-20,UP Significant
STRBP,1.444818717604951,1.435304231380306e-20,UP Significant
LSM14A,1.045952863599608,1.45229233596626e-20,UP Significant
INTS7,1.4495215422092151,1.4936148640373172e-20,UP Significant
HAX1,1.1374165874702609,1.5724552986586733e-20,UP Significant
NAE1,1.0786710737515772,1.6552378243459824e-20,UP Significant
RBM19,1.1584090316055211,1.672767238117001e-20,UP Significant
C7orf25,1.127200435030879,1.7084379734328065e-20,UP Significant
RNF34,1.270986711728801,1.7649375709202042e-20,UP Significant
LINC01488,-1.169010108405952,1.7694528871970614e-20,DOWN Significant
GPBP1,1.0814764545848146,1.782668169785254e-20,UP Significant
SRPX,-1.9008157479998624,1.83839648725975e-20,DOWN Significant
RABIF,1.2547671408585752,1.8524866131792304e-20,UP Significant
SCAP,1.087510551287207,1.8969433998891486e-20,UP Significant
BTBD2,1.2483535538372101,1.9478479678412503e-20,UP Significant
C1orf112,1.3783928833265366,1.950755458891382e-20,UP Significant
ABCD1,1.3778020718238917,1.971007652069843e-20,UP Significant
OLA1,1.6335881739999936,1.971007652069843e-20,UP Significant
MAVS,1.680645830769308,1.9811423277804064e-20,UP Significant
UCK2,1.7797230718226182,2.0008280109490995e-20,UP Significant
WRNIP1,1.2525473380297742,2.0103825436191693e-20,UP Significant
BTN3A1,1.1298205043305138,2.0631603037209047e-20,UP Significant
UBE2O,1.3263468095349422,2.0721716341257826e-20,UP Significant
GNA12,1.617246310069111,2.1152699859040385e-20,UP Significant
MT1F,-4.658158153875131,2.1346324373399833e-20,DOWN Significant
A2M-AS1,-1.210982882962336,2.1384727103271378e-20,DOWN Significant
SNRPA,1.3341360367830015,2.1672175994213436e-20,UP Significant
C8orf76,1.5593468823754728,2.205242943913109e-20,UP Significant
CBX4,1.4522782746837453,2.310598933310572e-20,UP Significant
MAP3K13,1.1513366528484332,2.3473616920793057e-20,UP Significant
KIAA1522,1.9106437389534063,2.4238826504035736e-20,UP Significant
PNPLA7,-1.1314823709684272,2.4782201298607645e-20,DOWN Significant
NDOR1,1.4527037004277004,2.5019667316572975e-20,UP Significant
HCFC1,1.3578862068418251,2.6096867644212382e-20,UP Significant
RFC1,1.294752766445208,2.69095178408693e-20,UP Significant
DNAH14,1.6690652989253754,2.692305605320001e-20,UP Significant
PRKRIP1,1.215868226000346,2.71329355441831e-20,UP Significant
ZFP41,1.8058686459779922,2.84902166891845e-20,UP Significant
LIG3,1.2105956884888633,2.931998408628463e-20,UP Significant
LSM2,1.3456636413616736,3.0936734593547806e-20,UP Significant
PPP1CC,1.4245251303439384,3.0960439690085447e-20,UP Significant
UBE3B,1.158831114100102,3.355660239151883e-20,UP Significant
ZNF217,1.211642999270326,3.397023164631635e-20,UP Significant
VPS37C,1.217781675779708,3.4821300093125554e-20,UP Significant
CPSF2,1.1770984242076332,3.613775898277976e-20,UP Significant
SNX15,1.3727500405407906,3.6237613640285704e-20,UP Significant
DNAJC2,1.1467155532467892,3.656162621906733e-20,UP Significant
PTPN23,1.2735483302650294,3.71999456250583e-20,UP Significant
NOL12,1.2572097566760148,3.8515571012491825e-20,UP Significant
LARP1,1.4334084153097377,3.9218472324511347e-20,UP Significant
GSK3A,1.0689695638676469,3.9511740041416477e-20,UP Significant
SLC38A7,1.2432715165192179,3.970670654128667e-20,UP Significant
TBXA2R,-1.0783556007692896,3.970670654128667e-20,DOWN Significant
CKAP2,1.7406028012142976,3.970670654128667e-20,UP Significant
SAP30BP,1.113224379160136,4.056084909347619e-20,UP Significant
CHMP3,1.1891334925844466,4.056084909347619e-20,UP Significant
E2F4,1.1234394746495093,4.147168891461664e-20,UP Significant
SEC23B,1.3493377700212852,4.151382626854558e-20,UP Significant
DNM2,1.008426002288008,4.212368982171682e-20,UP Significant
PIAS4,1.171430685015773,4.3066901862474494e-20,UP Significant
SERPINB1,1.2766909068440317,4.460145206435599e-20,UP Significant
SEC61A1,1.2935641135723506,4.59261165538168e-20,UP Significant
PUS7,1.107129695586824,4.6757155135729213e-20,UP Significant
ZNF414,1.130263131951685,4.737072960016328e-20,UP Significant
PIGM,1.1285790212477194,4.9050863613594583e-20,UP Significant
MRPS21,1.2278093497973526,4.9914726066346747e-20,UP Significant
C1orf131,1.4868986692625916,5.050941212909393e-20,UP Significant
HNRNPC,1.080501740412207,5.050941212909393e-20,UP Significant
IARS2,1.1437950060978919,5.163500862582169e-20,UP Significant
GEMIN7,1.1359666284509937,5.3015206831952403e-20,UP Significant
SNW1,1.059873681922805,5.302766496003971e-20,UP Significant
PDCD10,1.164095826109056,5.374046875489945e-20,UP Significant
XPO1,1.2296490428364146,5.401928284801615e-20,UP Significant
ELAVL1,1.0237985360933601,5.616543880061724e-20,UP Significant
HAT1,1.2857929774316896,5.674378734754998e-20,UP Significant
NAT2,-3.6338231608970424,5.756535468618616e-20,DOWN Significant
TSC1,1.2329896569754597,5.849745749938797e-20,UP Significant
UBE2S,2.080112752661602,5.926936081266832e-20,UP Significant
TBC1D7,1.306592612759086,6.098976730104769e-20,UP Significant
ATRN,1.288820225613856,6.140144862575814e-20,UP Significant
C12orf4,1.0535574160936503,6.150687754309201e-20,UP Significant
ATF2,1.0403697197046378,6.304687936222577e-20,UP Significant
CYHR1,1.2758621988964007,6.425950304931629e-20,UP Significant
DUSP12,1.4785188189480332,6.435017592518831e-20,UP Significant
SLC35C2,1.1272229700539738,6.679545113223985e-20,UP Significant
TXNL4A,1.0201802229674772,6.714693002211257e-20,UP Significant
MYOM2,-1.1696148719320318,6.963312765107374e-20,DOWN Significant
DBNL,1.0057733513104044,7.027771522768728e-20,UP Significant
TRNAU1AP,1.0936431563330338,7.324402551105893e-20,UP Significant
GNL3,1.3458517301728352,7.515167652952147e-20,UP Significant
CCNB2,2.660110569875664,7.665990466936132e-20,UP Significant
TMCO3,1.8806310662212153,8.017985794912797e-20,UP Significant
DHX30,1.018362648052097,8.017985794912797e-20,UP Significant
YY1AP1,1.398653969699112,8.0615237857821e-20,UP Significant
NFRKB,1.1475899111778831,8.065911030578475e-20,UP Significant
DDOST,1.3740793743440385,8.111451375513231e-20,UP Significant
MELK,2.072146291060707,8.121543537933837e-20,UP Significant
ZSCAN9,1.105446010715022,8.148361253437043e-20,UP Significant
NSF,1.0706434932548479,8.164314196665922e-20,UP Significant
DVL3,1.4084722352547328,8.5045833339793e-20,UP Significant
PRIM1,1.853199702032657,8.629414442136797e-20,UP Significant
UNK,1.4189652235486458,8.78128263012085e-20,UP Significant
JPT1,1.9125490094228215,8.816480105698039e-20,UP Significant
WIZ,1.111729773226482,9.475663374773581e-20,UP Significant
ILRUN,1.072884360241547,9.503779321964102e-20,UP Significant
POLR2K,1.529564234123721,9.595979668377077e-20,UP Significant
NGDN,1.0104184624911983,9.953009776660223e-20,UP Significant
TULP4,1.081250951819566,1.0052720203215291e-19,UP Significant
CDC73,1.1602061637534522,1.0052720203215291e-19,UP Significant
WASHC2A,1.4271395611317486,1.0206923107022011e-19,UP Significant
DNAAF5,1.1548711720205218,1.0268790382260229e-19,UP Significant
MTPN,1.1551789111808008,1.095686129332409e-19,UP Significant
UBE2A,1.2273535143480232,1.1051932302471405e-19,UP Significant
GMEB2,1.342219148681335,1.1076297704470555e-19,UP Significant
MSL1,1.3698213855121222,1.1404820060137026e-19,UP Significant
ANAPC5,1.1787397749254227,1.170939140533332e-19,UP Significant
MT2A,-3.444338335846222,1.196595754274914e-19,DOWN Significant
DYNC1I2,1.1933195980160698,1.214640839401091e-19,UP Significant
ZNF7,1.330813516626698,1.2368432576959708e-19,UP Significant
TMEM167A,1.040122705499213,1.2486781935122046e-19,UP Significant
IST1,1.0993730996906201,1.2509372501299432e-19,UP Significant
BMI1,1.1702280893113435,1.270807974140134e-19,UP Significant
TMEM79,1.176329772563582,1.2711472280272248e-19,UP Significant
LLGL2,1.3073033143411954,1.2752503764564856e-19,UP Significant
PIK3R2,1.9953108942164048,1.301536714171182e-19,UP Significant
SMC4,1.6732653503926551,1.309549748096984e-19,UP Significant
AC016747.3,1.0231999608913953,1.3171651127535922e-19,UP Significant
NFYC,1.0441130656655555,1.3428655344734037e-19,UP Significant
GARS1,1.2920488676117645,1.3663577038242596e-19,UP Significant
EIF2S1,1.1850908853811424,1.4047725669953466e-19,UP Significant
PRKD2,1.2028588211684292,1.4716625698074576e-19,UP Significant
SEC24C,1.3450949047877732,1.4895868314377274e-19,UP Significant
C17orf75,1.3627280393890149,1.493196619102435e-19,UP Significant
APEX2,1.0688370859183949,1.5185677923844362e-19,UP Significant
TBC1D13,1.6199594568187423,1.5426054424340932e-19,UP Significant
AP3D1,1.141139500243006,1.578641071512957e-19,UP Significant
NELFE,1.3332968951659734,1.5937604294905326e-19,UP Significant
TERF1,1.0197010518751055,1.5937604294905326e-19,UP Significant
SUMO2,1.1505601470785258,1.6232229600927322e-19,UP Significant
POLR3C,1.3109465963619689,1.6582532709210143e-19,UP Significant
GABRD,1.3373460236929033,1.6615208866451105e-19,UP Significant
ZNF335,1.048552005686289,1.671642476870681e-19,UP Significant
FOXK2,1.2571301879355974,1.6860850731033417e-19,UP Significant
PSMC6,1.0690731489632546,1.7288764621448042e-19,UP Significant
RRP15,1.3485070958812986,1.7704277050392833e-19,UP Significant
OTUD6B,1.3922930700348088,1.7798576710587792e-19,UP Significant
RECQL4,2.3885464252382422,1.7811308868703305e-19,UP Significant
FKBP1A,1.3144482324015065,1.7916487713790146e-19,UP Significant
RND3,-1.8141608678138241,1.8203979414560384e-19,DOWN Significant
ADNP,1.2937677161763514,1.8328808864079138e-19,UP Significant
POLR1G,1.0553855765187268,1.8732616775681928e-19,UP Significant
C19orf25,1.2034491803599598,1.8861256428101396e-19,UP Significant
NEK7,1.172601956128282,1.8877791448453957e-19,UP Significant
CCT2,1.445326296558422,1.925189501407142e-19,UP Significant
MED20,1.3549712751345517,2.0101565218188605e-19,UP Significant
CREB3L4,1.4947574995696016,2.0139411707148584e-19,UP Significant
ZNF512B,1.5867819259699778,2.022946014988432e-19,UP Significant
PRMT3,1.1264841886205428,2.0406709831036324e-19,UP Significant
DSN1,1.524304504319258,2.1112139523829017e-19,UP Significant
DDX46,1.0773157956581447,2.1404825874587754e-19,UP Significant
ZMAT2,1.0982660756577083,2.1541189149221854e-19,UP Significant
LPA,-1.9592426659322328,2.1564203268613981e-19,DOWN Significant
MCAM,1.7461384560713429,2.1637457831036252e-19,UP Significant
PLK1,2.32226309764248,2.292894608878767e-19,UP Significant
MAF1,1.3742636382841091,2.4208114784657134e-19,UP Significant
ZBED6CL,1.7886737185138315,2.481820529691232e-19,UP Significant
STAU2,1.189251293949487,2.482399730618593e-19,UP Significant
PARP1,1.715408245669022,2.4890924421403983e-19,UP Significant
MAU2,1.2201488827701072,2.5334971965142826e-19,UP Significant
TAGLN2,1.7146824692218354,2.5359917227171377e-19,UP Significant
CSNK2B,1.0351998336215469,2.594631491827429e-19,UP Significant
UGGT1,1.5636973117182964,2.6011912377294913e-19,UP Significant
U2SURP,1.238432400175193,2.689000136306986e-19,UP Significant
ITGB1BP1,1.4577013230689406,2.7400176415406983e-19,UP Significant
SUPT5H,1.1000178342806946,2.753055516157848e-19,UP Significant
C2orf68,1.1158677747237622,2.855829846777815e-19,UP Significant
SUV39H1,1.1459268495014359,2.918946173305448e-19,UP Significant
JMJD4,1.3744091125200995,2.9345455205844004e-19,UP Significant
UBXN2B,1.2008598819315566,2.9434976508372374e-19,UP Significant
PEDS1,1.2229456747919984,3.0059602483331957e-19,UP Significant
PHAX,1.0601483060366137,3.041350648536527e-19,UP Significant
RAC1,1.0981448603843882,3.072792465543485e-19,UP Significant
ZG16,-1.8106129093159797,3.160645063906851e-19,DOWN Significant
GRB2,1.1800856412808391,3.164371447849786e-19,UP Significant
ARPIN,1.212715915705024,3.1851938229849685e-19,UP Significant
ZSCAN16,1.2230051735964174,3.309585804749586e-19,UP Significant
MPZL1,2.181677288308078,3.417286309642872e-19,UP Significant
MAPK1,1.0812912795401104,3.518817751100301e-19,UP Significant
CNOT10,1.1723815271575626,3.604169866012925e-19,UP Significant
EIF4A3,1.2183214324733065,3.6298752567854682e-19,UP Significant
ADSS2,1.5045239850394672,3.6870589829362664e-19,UP Significant
ERCC2,1.2131530292267207,3.7288700772041268e-19,UP Significant
STX6,1.3270554497941305,3.925765892913088e-19,UP Significant
APEX1,1.1951871805028604,3.9692675583667675e-19,UP Significant
PBXIP1,1.4281906665137787,3.99265994184181e-19,UP Significant
NUP107,1.3971639586362081,4.0662889426872907e-19,UP Significant
HNRNPU,1.32627281301657,4.1403186646115893e-19,UP Significant
AHSA1,1.0989605031078762,4.16933835931402e-19,UP Significant
AAAS,1.1316391293734882,4.2084607706250487e-19,UP Significant
ARL1,1.0059784187335525,4.512541073475205e-19,UP Significant
NLE1,1.3237386389809536,4.533098730764526e-19,UP Significant
CBX1,1.6232607231771774,4.621313981053156e-19,UP Significant
ELOC,1.3655343274383585,4.798656985908306e-19,UP Significant
ATP6V1C1,1.6605086730936551,4.856921749425078e-19,UP Significant
CAND1,1.1403049229672644,5.235561178609734e-19,UP Significant
ZBTB41,1.043662727776031,5.246122140248495e-19,UP Significant
ACTR6,1.2051574604079285,5.347457362605856e-19,UP Significant
SPDL1,1.671968374743313,5.379683397584731e-19,UP Significant
USP36,1.1175124780299983,5.500801012475059e-19,UP Significant
ARPC1A,1.1495201113495908,5.58562341216326e-19,UP Significant
STARD3,1.4748983255939194,5.621193742495211e-19,UP Significant
NOL11,1.142540750697333,5.750017706642349e-19,UP Significant
ITGB1,1.1141630912403109,5.79383952759794e-19,UP Significant
DPM2,1.0821225070130858,5.79383952759794e-19,UP Significant
ACTR1A,1.080427103491076,6.065201292658585e-19,UP Significant
TM9SF1,1.013312064524972,6.068389091158922e-19,UP Significant
ADA,1.2438546947879052,6.090609029224394e-19,UP Significant
RALA,1.056433094685444,6.164545553030777e-19,UP Significant
SHISA5,1.1453772733674725,6.353501185479998e-19,UP Significant
ALMS1,1.0838181281811405,6.485868355689562e-19,UP Significant
MTHFD1L,1.5052706144506907,6.609577730323076e-19,UP Significant
ACTL6A,1.3890232593542757,6.686112409465094e-19,UP Significant
EXOC7,1.3183425041900514,6.867250587965502e-19,UP Significant
IPO9,1.402368218434078,6.913209043522244e-19,UP Significant
PYCR3,1.1877205802619968,6.952274085211818e-19,UP Significant
SOWAHA,1.8559358552242644,7.122132575706967e-19,UP Significant
NEK4,1.222231531598134,7.136680193832501e-19,UP Significant
CDCA3,2.2708207242851852,7.17827890437061e-19,UP Significant
RALGAPB,1.032897310580377,7.18127823335088e-19,UP Significant
DOCK6,1.2747913995629334,7.18127823335088e-19,UP Significant
HLTF,1.315518865475925,7.226018406345443e-19,UP Significant
CPSF4,1.41173124020791,7.248970892565546e-19,UP Significant
CNP,1.3315072449377312,7.392026896404971e-19,UP Significant
MOGAT2,-2.9392842083089343,7.540140439773282e-19,DOWN Significant
SLC35B2,1.6844058383529514,7.61849380818934e-19,UP Significant
LPP,1.065641160297753,7.779236087463236e-19,UP Significant
POGK,1.3690564959406941,8.122552116473665e-19,UP Significant
TRIM27,1.4114626324637998,8.138411008788959e-19,UP Significant
BYSL,1.20906176068938,8.351440590616824e-19,UP Significant
AGPS,1.297759474381957,8.352283353187018e-19,UP Significant
TXNDC5,1.2833236415250973,8.500098108961722e-19,UP Significant
RAN,1.7544189263142362,8.56751194974798e-19,UP Significant
WIPF2,1.1326627011392165,8.62471106654891e-19,UP Significant
CASK,1.2850685813790066,8.62471106654891e-19,UP Significant
CDK5RAP2,1.1225152925964346,8.742669079165623e-19,UP Significant
MCM6,2.070403948260552,8.84921221109317e-19,UP Significant
CAPZA1,1.1529055184364339,8.970653106672815e-19,UP Significant
COLGALT1,1.2693574732591553,9.243148703297006e-19,UP Significant
ZFAND3,1.0930647055517393,9.283324900888092e-19,UP Significant
CLNS1A,1.0763019411900894,9.406070000412315e-19,UP Significant
LOXL2,1.4948560391211758,9.463597889451843e-19,UP Significant
SRSF1,1.0273779012179647,9.676137585367074e-19,UP Significant
DGKZ,1.3441667012044562,9.943970344694177e-19,UP Significant
GBA3,-3.659543234451391,1.0094716740752931e-18,DOWN Significant
PARP12,1.4864129922657408,1.0127335530081587e-18,UP Significant
KLHL23,1.4791154966263147,1.0228594179814277e-18,UP Significant
ECT2,2.121047610339587,1.0684086235949492e-18,UP Significant
SLC25A51,1.0360097818635103,1.0684086235949492e-18,UP Significant
CUL4B,1.23892683578419,1.0710198563530884e-18,UP Significant
ZNF764,1.0151312950567524,1.1099909841508134e-18,UP Significant
ILF3,1.572238217410567,1.1512141469401994e-18,UP Significant
DYM,1.001283428482644,1.1520061455646147e-18,UP Significant
SPPL2B,1.162451366378309,1.1635528302454416e-18,UP Significant
ZNF232,1.0749626591985069,1.180109319045833e-18,UP Significant
LRP11,1.5876047755697238,1.2365773253005603e-18,UP Significant
SHARPIN,1.4795303244891738,1.2366976454400635e-18,UP Significant
AL161668.5,-2.0766313199926323,1.2409083143497883e-18,DOWN Significant
KCTD10,1.1164735553788867,1.2815057281173353e-18,UP Significant
POLR1A,1.1299613392266619,1.3066725672156435e-18,UP Significant
SNRPB2,1.1492245865636521,1.3078945745429667e-18,UP Significant
CCNK,1.1812540882581994,1.339684841623541e-18,UP Significant
UCHL5,1.3238601224772797,1.3744178425101035e-18,UP Significant
TNRC18,1.7229287946603091,1.4153251296923782e-18,UP Significant
LUC7L3,1.3022952524687499,1.419462094462314e-18,UP Significant
STRN4,1.4437954067541265,1.4285998368209146e-18,UP Significant
RAB5IF,1.077029431616503,1.4306107456368755e-18,UP Significant
AURKB,2.448912480496354,1.4605640435146595e-18,UP Significant
CHAF1A,1.5575559029733326,1.4982315306990031e-18,UP Significant
BUB3,1.4938964693684391,1.521374110039069e-18,UP Significant
LCAT,-2.872894839164565,1.5275307137516185e-18,DOWN Significant
NUDCD1,1.5089788690222847,1.528766251891685e-18,UP Significant
TMEM165,1.3924348316579245,1.5500970795537997e-18,UP Significant
RAB5C,1.053850723418856,1.5527227401112685e-18,UP Significant
SNRPE,1.9103824552383948,1.5527227401112685e-18,UP Significant
MFN1,1.0002435589656282,1.5716957263130113e-18,UP Significant
ZDHHC12,1.245157228015049,1.5862271887996272e-18,UP Significant
TAF2,1.10912749076297,1.5907331431708824e-18,UP Significant
TEAD3,1.1650605153229627,1.6501555687060863e-18,UP Significant
RP11-83B6.1,-1.594776824361501,1.701357010819061e-18,DOWN Significant
SLC39A6,1.2544771828290067,1.7024519837624832e-18,UP Significant
ANKRD27,1.159608478203251,1.7129826702892644e-18,UP Significant
MIB1,1.1489343444771425,1.7456109964919693e-18,UP Significant
JOSD2,1.1272153364780366,1.806628870115877e-18,UP Significant
ATG9A,1.2149553038500915,1.8948410835725977e-18,UP Significant
CTR9,1.0834554306931832,1.8948410835725977e-18,UP Significant
FUBP1,1.468483716003162,1.910386105088421e-18,UP Significant
CAMKK2,1.0054895619841875,1.9192511124797498e-18,UP Significant
TUBB,1.4480179533678688,1.941873981285282e-18,UP Significant
CENPF,2.779257924893973,1.9529439934689115e-18,UP Significant
HMGN4,1.5393504906829163,1.966257102775914e-18,UP Significant
GID8,1.1202069103859187,2.1023394472493585e-18,UP Significant
RIT1,1.3415664312986266,2.264254593644315e-18,UP Significant
NCAPG,1.8125450627209576,2.2936737778914493e-18,UP Significant
DTNA,1.9448331283097673,2.3269514207162232e-18,UP Significant
NELFCD,1.1855976238733188,2.3344966185304374e-18,UP Significant
FBXO9,1.4408207211422912,2.39510583500057e-18,UP Significant
CEP170B,1.1481096691507309,2.4437070774226364e-18,UP Significant
TPRKB,1.1551459179388526,2.489719598893205e-18,UP Significant
SLC22A10,-2.9485153878835226,2.504213919795505e-18,DOWN Significant
METTL3,1.2097836206894943,2.690607695521134e-18,UP Significant
C1orf35,1.5556039907313584,2.752502811229202e-18,UP Significant
DAPK3,1.0883466964190167,2.7758614472776773e-18,UP Significant
ATP6V0A1,1.3970299539973294,2.8311593225489993e-18,UP Significant
ATP2C1,1.0503511425951886,2.8830404811583183e-18,UP Significant
WNK1,1.2436762285963474,2.883811575062257e-18,UP Significant
PTK2,1.5902614711475507,2.8908732429262497e-18,UP Significant
SAMD1,1.352116226543514,3.054253103735765e-18,UP Significant
LRRC59,1.2277802909311601,3.0891765634762544e-18,UP Significant
CRNKL1,1.1195963459176674,3.098209667229763e-18,UP Significant
DHRS1,-1.4783437014597975,3.140146143318534e-18,DOWN Significant
CEP250,1.421142022979883,3.190492658796669e-18,UP Significant
RPN2,1.581132540384866,3.213003522576918e-18,UP Significant
RPUSD1,1.0897466392316297,3.230412089490533e-18,UP Significant
CCDC138,1.1268750821957663,3.250869106322189e-18,UP Significant
TMEM69,1.1364310712343944,3.2517331145598847e-18,UP Significant
ADRA1B,-1.2278242846927787,3.2756103307806738e-18,DOWN Significant
CDCA5,2.207854491976948,3.3167127117407755e-18,UP Significant
PDRG1,1.1785380087476316,3.343645294100938e-18,UP Significant
EXOC6,1.3746176782699406,3.3567244515107096e-18,UP Significant
RFXANK,1.563882561024077,3.5154454175214546e-18,UP Significant
FAM168B,1.5039687060858955,3.573029006676881e-18,UP Significant
DENND10,1.2827544846245815,3.633380077552993e-18,UP Significant
PYGB,1.6149935425603208,3.636442725008666e-18,UP Significant
FOXM1,2.5211003013431115,3.646855776181252e-18,UP Significant
RPS6KC1,1.2395989280467643,3.6595204545041364e-18,UP Significant
LAGE3,1.2722423663023612,3.668353564794232e-18,UP Significant
MARS1,1.2268147432234167,3.6889463685603466e-18,UP Significant
HAUS1,1.3665618271915414,3.737101079762976e-18,UP Significant
PIGS,1.661365272828312,3.785911755844434e-18,UP Significant
CTNNB1,1.3228588969905921,3.933618678139965e-18,UP Significant
FAHD2A,-1.22857162973947,3.990554196187503e-18,DOWN Significant
B4GALT3,1.516953313773982,4.000959591500196e-18,UP Significant
PPP2R1A,1.2087959253543135,4.036767462795533e-18,UP Significant
PAK1,1.2262094901878018,4.066587973445352e-18,UP Significant
ITGB3BP,1.4735832211395132,4.096418468703499e-18,UP Significant
TMEM50A,1.0219257742384205,4.2394105309034436e-18,UP Significant
LSM4,1.4786593929844276,4.3376249162602125e-18,UP Significant
ZNRF1,1.1503469328076639,4.367836890947936e-18,UP Significant
ZNF91,1.0120629088874562,4.4025704094931345e-18,UP Significant
MAPKAPK5,1.2183929315581592,4.425045006818878e-18,UP Significant
WDR45B,1.0146629606683235,4.476654183969573e-18,UP Significant
RAB3IP,1.270988486881135,4.498119620119827e-18,UP Significant
LRRC14,1.702794022457545,4.498119620119827e-18,UP Significant
KIF20A,1.952547816954129,4.547604844850911e-18,UP Significant
ATF7,1.0183853457184662,4.5984498130850164e-18,UP Significant
VAMP4,1.1047188102278427,4.646139728135259e-18,UP Significant
EVI5L,1.1870681356934476,4.95000706411183e-18,UP Significant
RP11-147L13.13,1.210052531006197,4.965922931877933e-18,UP Significant
CWF19L1,1.2141272639761826,5.0255173481188765e-18,UP Significant
ABCC10,1.8673106009343978,5.068296307108015e-18,UP Significant
PSKH1,1.322083337827657,5.299801474090474e-18,UP Significant
WDR5,1.2799552035845707,5.410784873899503e-18,UP Significant
USP21,1.5774724219534655,5.448057879193805e-18,UP Significant
ADCY6,1.6292369393444046,5.576438678622894e-18,UP Significant
ANAPC1,1.1038803273769744,5.625437592211146e-18,UP Significant
ZNF696,1.3969591481039312,5.672015080170558e-18,UP Significant
SORT1,2.1529362477316507,5.758265772465412e-18,UP Significant
DNM1L,1.1958468475299133,5.820349064721852e-18,UP Significant
WDR53,1.0526909134346027,5.8435961074338095e-18,UP Significant
OCRL,1.0664164358316308,5.96126723217737e-18,UP Significant
SH3GLB2,1.2727210379866505,6.130091516588778e-18,UP Significant
COL4A2,2.1282952633516343,6.139257243935301e-18,UP Significant
CMSS1,1.1783834232686887,6.2990731808210334e-18,UP Significant
KIFC2,1.7672513714302944,6.453531413906991e-18,UP Significant
FRMD8,1.2548440030090169,6.6346015334738004e-18,UP Significant
NUP133,1.3837568858984355,7.04220272586519e-18,UP Significant
R3HDM1,1.4115717974655442,7.119745156701149e-18,UP Significant
PGP,1.3254446647632907,7.155107833830894e-18,UP Significant
DHX34,1.2290848163818735,7.164539972907379e-18,UP Significant
FBXL18,1.1446917605582958,7.261417268481822e-18,UP Significant
AGPAT1,1.4165515709992043,7.303118267870789e-18,UP Significant
STK25,1.3187004924927548,7.323957386985635e-18,UP Significant
CKS1B,1.452818423443765,7.463742663636591e-18,UP Significant
GTF2IP1,1.4063532665792269,7.96758419427205e-18,UP Significant
PPIH,1.19535014331877,8.013666155869723e-18,UP Significant
CPEB3,-1.169330686727921,8.227055418544202e-18,DOWN Significant
OPN3,1.7495531635034882,8.24579761621326e-18,UP Significant
ENTPD6,1.4590729112648595,8.672057056807782e-18,UP Significant
ZBTB45,1.243774828413071,8.684803576820955e-18,UP Significant
PARG,1.0485900534255517,8.997142874615226e-18,UP Significant
CPED1,-1.7620555372634081,9.050471824453636e-18,DOWN Significant
CS,1.718020210220737,9.60658704510684e-18,UP Significant
GTF2H3,1.2269853489157936,9.623555293057299e-18,UP Significant
ECD,1.1159752203852316,9.81149064611633e-18,UP Significant
RECQL5,1.1123505639488283,9.886481067477478e-18,UP Significant
HSF2,1.0852019554219892,9.891776490166302e-18,UP Significant
UTP25,1.0270329326786285,1.0220238356079666e-17,UP Significant
FAM50A,1.208934346600361,1.0393181574276648e-17,UP Significant
ITGB1P1,1.1689141633322504,1.0528962621437103e-17,UP Significant
ZNF672,1.1782047360457897,1.0730773777616504e-17,UP Significant
OSER1,1.1079507179452945,1.084787941752214e-17,UP Significant
FLOT2,1.3399071628099173,1.0902640212933978e-17,UP Significant
DONSON,1.7190868714369836,1.1105538959167182e-17,UP Significant
NCOA2,1.2383064949293328,1.1452626326815215e-17,UP Significant
MANBAL,1.1756646410916178,1.1810557850057696e-17,UP Significant
OIT3,-1.8592441958443686,1.1977397077069237e-17,DOWN Significant
CDIPT,1.0756194335664135,1.2004916734196821e-17,UP Significant
ACTR2,1.0139535945587665,1.2004916734196821e-17,UP Significant
KIF2C,1.8862520214509595,1.2414783770773049e-17,UP Significant
SFSWAP,1.2007530035737077,1.253968747831976e-17,UP Significant
RBM15B,1.120636241425803,1.2629270771967747e-17,UP Significant
ANGEL2,1.0614717040087838,1.2629270771967747e-17,UP Significant
ATXN7L3B,1.2767610804397647,1.2819130142210498e-17,UP Significant
CDKAL1,1.1125729195212875,1.3619291080480627e-17,UP Significant
GALNT10,1.2632065105663706,1.3619291080480627e-17,UP Significant
ZNF692,1.6272379605905396,1.3778564314827496e-17,UP Significant
ATAD3C,-1.0802777565912043,1.398338611048227e-17,DOWN Significant
TKT,1.9669037651353847,1.4323318996536685e-17,UP Significant
CD46,1.341830390333996,1.492820792561277e-17,UP Significant
ODR4,1.1288252363244613,1.4971524470160857e-17,UP Significant
NCBP2,1.2867995708859414,1.4971524470160857e-17,UP Significant
DNTTIP1,1.0580633974636862,1.5064705699765662e-17,UP Significant
UNC45A,1.1316397345986382,1.5508831365048746e-17,UP Significant
CDK12,1.109074644260334,1.601327328979388e-17,UP Significant
SLC25A44,1.0343552789696489,1.6330125263677948e-17,UP Significant
NAT10,1.0294683881913227,1.6414714714569836e-17,UP Significant
ABHD12,1.1888223963117577,1.6457930098423704e-17,UP Significant
ABHD4,1.2492474042431394,1.6483349246713316e-17,UP Significant
CYTOR,2.0128282436842144,1.6499302702154524e-17,UP Significant
PDGFB,1.2989372973980537,1.6671846385529954e-17,UP Significant
CYREN,1.2329609502681902,1.695536087649707e-17,UP Significant
CDH13,1.4415086969023148,1.7063907812799742e-17,UP Significant
SARNP,1.0842873084914588,1.7065220023390527e-17,UP Significant
ASB16-AS1,1.2363920875323071,1.7132832852854397e-17,UP Significant
CRTAP,1.4233844495968286,1.7563232391416137e-17,UP Significant
GREM2,-1.6758948734737147,1.7703897144946674e-17,DOWN Significant
STRADA,1.1384472653252886,1.7884086710436356e-17,UP Significant
SCAMP4,1.2881539941496087,1.8051294041948343e-17,UP Significant
TRIM65,1.2707624826004493,1.8164081054170338e-17,UP Significant
CDT1,2.08662491590875,1.8169909247382285e-17,UP Significant
ASPM,1.9752617595387376,1.8177008815835545e-17,UP Significant
IARS1,1.3746850482637187,1.8177008815835545e-17,UP Significant
PRPF3,1.3289431556388904,1.8531128115456123e-17,UP Significant
PTPRF,1.354885242716736,1.8531128115456123e-17,UP Significant
FAM104A,1.1221036532519881,1.8649627636113368e-17,UP Significant
ZNF142,1.0802756149947585,1.9733330369286744e-17,UP Significant
FOCAD,1.0574914908301738,1.9897925089104728e-17,UP Significant
TM9SF4,1.2577000580617095,2.0080046949113552e-17,UP Significant
GPS1,1.0621496976643163,2.0308880555824345e-17,UP Significant
OTUD7B,1.054420396552047,2.06618524703396e-17,UP Significant
ZNF16,1.2361987419741416,2.09439979105139e-17,UP Significant
GART,1.0504908235357933,2.118697173528776e-17,UP Significant
MATR3,1.2038491915676612,2.148110642784067e-17,UP Significant
ORC3,1.1720149827114987,2.164489387481633e-17,UP Significant
BTN2A1,1.1358999212601546,2.239385587366696e-17,UP Significant
RAB3GAP2,1.2049771059499188,2.2794597263563877e-17,UP Significant
CIZ1,1.4261535622059038,2.2967455232403315e-17,UP Significant
RBIS,1.4194145498086428,2.297360271567955e-17,UP Significant
PCNA,1.818589658988615,2.3693494643985325e-17,UP Significant
COMMD9,1.0013463920203667,2.425971224465231e-17,UP Significant
NOP2,1.115298077370618,2.4443608594803163e-17,UP Significant
LRCOL1,-1.9444830958456576,2.483850004047514e-17,DOWN Significant
MAD2L1,2.045564091907382,2.4932027773297906e-17,UP Significant
CCNF,1.3866928847321607,2.4932027773297906e-17,UP Significant
PRELID3B,1.094182879223406,2.5163498392032418e-17,UP Significant
HSPA4,1.3264371234077519,2.5625745499664968e-17,UP Significant
SEC11C,1.228586556230744,2.5760286232729757e-17,UP Significant
COP1,1.402490520194827,2.5917872547118263e-17,UP Significant
SESTD1,1.4159602024978317,2.6864071940597563e-17,UP Significant
MED17,1.085921442267371,2.7307750152242638e-17,UP Significant
NFYA,1.271103126787272,2.7829975868130714e-17,UP Significant
CCDC167,1.3022148071045736,2.83478177473358e-17,UP Significant
MBD3,1.1269818199469945,2.924057834502378e-17,UP Significant
BUB1,1.8697277584316434,3.044371842715954e-17,UP Significant
NENF,1.2525884226509163,3.057701269104329e-17,UP Significant
CDC6,2.110602705132979,3.0930776678892494e-17,UP Significant
CYB5R1,1.3291648357568793,3.125966829640968e-17,UP Significant
PFAS,1.1640654169151696,3.151084100620925e-17,UP Significant
CDK4,1.7459054923118096,3.3136177163517265e-17,UP Significant
KAT2A,1.5358310330131983,3.3136177163517265e-17,UP Significant
MYPOP,1.0337865724988955,3.4209412602609776e-17,UP Significant
TBC1D31,1.019017535473875,3.471422234502979e-17,UP Significant
PRRC2C,1.4216371815348077,3.500468595587433e-17,UP Significant
EXOSC1,1.0031983029261102,3.523233301116794e-17,UP Significant
CBLL1,1.210075601426351,3.597942817116177e-17,UP Significant
LYSMD4,1.1332600812288032,3.6897275683440175e-17,UP Significant
SENP3,1.0382888314341856,3.695876671799842e-17,UP Significant
HNRNPA1,1.5923188368374275,3.708755668471156e-17,UP Significant
HGH1,1.4609537040577636,3.915695564929174e-17,UP Significant
ATOH8,-2.5646064529254056,3.931282698399007e-17,DOWN Significant
ABCB10,1.099212796162547,4.071169411598742e-17,UP Significant
CSNK2A1,1.3905447510256748,4.08493846237766e-17,UP Significant
FARSB,1.0255226220300682,4.1007317825081255e-17,UP Significant
ADAM15,1.3707264395619223,4.438080389036949e-17,UP Significant
GNAO1,-1.367103682221239,4.529001010715058e-17,DOWN Significant
CDC25C,1.7133384290197884,4.538282521186408e-17,UP Significant
DYNLRB1,1.115976069145165,4.5666520449409123e-17,UP Significant
CYTH2,1.0039676203521215,4.7431895074971207e-17,UP Significant
EIF3A,1.0750023105174447,4.7657207839376686e-17,UP Significant
BPTF,1.1110959063950503,4.817423136364766e-17,UP Significant
TRIM25,1.294521406504129,4.825047594678371e-17,UP Significant
CLDN15,2.311443753020672,4.8986277568398537e-17,UP Significant
HSPA5,1.4991024577715875,4.9644704073770494e-17,UP Significant
GTF2H2,1.0412864348517017,5.04035170638436e-17,UP Significant
NUF2,2.1976426829631235,5.094268870914422e-17,UP Significant
CCDC196,-2.183595358792643,5.1301676067809465e-17,DOWN Significant
DVL2,1.5341535721872142,5.1995909816051945e-17,UP Significant
PARP14,1.0519683082888256,5.2528392313239966e-17,UP Significant
SAP130,1.1203502091246191,5.274010241105171e-17,UP Significant
CUTA,1.0704543492155585,5.585207997928787e-17,UP Significant
KDM3B,1.2507566436607527,5.60296377778973e-17,UP Significant
RPL27,1.2409414996800727,5.629021475877682e-17,UP Significant
SSRP1,1.2357718439225667,5.684336368556475e-17,UP Significant
SETDB1,1.3340044178799682,5.829322848277792e-17,UP Significant
AP4M1,1.1183616655474802,5.849572488646483e-17,UP Significant
IQCB1,1.0714914169688892,5.858059424600795e-17,UP Significant
POLR2G,1.064593813243441,5.890348791503802e-17,UP Significant
WDR26,1.3277253624212038,6.022364015691746e-17,UP Significant
RPRD1A,1.1428085695402603,6.095642393424121e-17,UP Significant
FAM168A,1.1616680387380127,6.153094395609446e-17,UP Significant
FCF1,1.0542202936561198,6.265667838630613e-17,UP Significant
RETREG3,1.0392703205385367,6.26943885160384e-17,UP Significant
GTF2IP4,1.6959210928141517,6.26943885160384e-17,UP Significant
GCN1,1.5033300228392505,6.339031325603327e-17,UP Significant
KCND3,-1.4998526827689136,6.387338989421458e-17,DOWN Significant
PHPT1,1.2529384338774863,6.401545855597848e-17,UP Significant
ZNF563,1.536806912079773,6.432884506967279e-17,UP Significant
ASF1A,1.0044282702011662,6.561879894312173e-17,UP Significant
PMF1,1.2286137274945395,6.682454167293131e-17,UP Significant
DPT,-2.324888512971834,6.738659160969508e-17,DOWN Significant
DLGAP4,1.325280411612519,6.774114736268851e-17,UP Significant
PHF14,1.0610918018093023,6.811827802646965e-17,UP Significant
NPEPL1,1.1041362033781255,6.898944446571083e-17,UP Significant
GMCL1,1.0138213591063558,6.920118869487162e-17,UP Significant
ARL16,1.0695564676571951,7.391100247032573e-17,UP Significant
PKN3,1.634965135236396,7.551988633617247e-17,UP Significant
TBC1D10B,1.0010516268386933,7.571475530744406e-17,UP Significant
TOMM20,1.584618041818441,7.708209897021028e-17,UP Significant
MEN1,1.0356813984078883,7.711230606732084e-17,UP Significant
YWHAH,1.239462053501036,7.886427005955893e-17,UP Significant
BOD1,1.2022589324374473,8.017628849473962e-17,UP Significant
CDC42BPB,1.1493665762487404,8.223997315579029e-17,UP Significant
ZNF146,1.066365100080441,8.23581605019912e-17,UP Significant
NANS,1.1044014358097645,8.327294076176958e-17,UP Significant
FOLH1,-1.823449983615467,8.372006032474594e-17,DOWN Significant
ETV3,1.0522756398971314,8.378969635676995e-17,UP Significant
MMS19,1.34786018251405,8.378969635676995e-17,UP Significant
CALU,1.590042877270915,8.414274895317518e-17,UP Significant
C11orf98,1.0623791313755735,8.434553464621781e-17,UP Significant
TULP3,1.2374647476964311,8.804674461183057e-17,UP Significant
TRIM24,1.3673107547292846,9.14601252330019e-17,UP Significant
ZCCHC17,1.020676932535491,9.652335983762258e-17,UP Significant
SMPD4,1.325901664435079,9.92446797427814e-17,UP Significant
FBP1,-2.2963108301273873,1.0054885633514662e-16,DOWN Significant
MCM2,2.461626825201135,1.00884880143166e-16,UP Significant
FABP5,2.17151669162306,1.0165657808706486e-16,UP Significant
TSN,1.0636016726486641,1.0183966614552478e-16,UP Significant
WWP2,1.0485803240593912,1.0227374412481498e-16,UP Significant
SMARCC1,1.5557260566747668,1.026602768588215e-16,UP Significant
RCE1,1.16584287738461,1.0349965088029041e-16,UP Significant
MOGS,1.1039327814919693,1.0632535409132806e-16,UP Significant
TSSK6,1.2006972628247454,1.0686380733322288e-16,UP Significant
THOC6,1.0741223849014139,1.0697710976122824e-16,UP Significant
MRPL42,1.1393643542896532,1.0819254593145481e-16,UP Significant
TIMM9,1.1598582040943972,1.107760183046018e-16,UP Significant
SMARCA4,1.5893713463658554,1.1101316489603118e-16,UP Significant
ADCK1,1.0575162231929367,1.116886790725254e-16,UP Significant
TUBB4B,1.212791050365304,1.131608841132777e-16,UP Significant
FITM2,1.0776294583595023,1.1353206161994755e-16,UP Significant
TXNRD1,1.9968318308814017,1.162822523498393e-16,UP Significant
C9orf16,1.3255672635406324,1.1714174583382736e-16,UP Significant
MIEN1,1.0619356034803307,1.1748864923639377e-16,UP Significant
RPAP3,1.0313712090671965,1.1985631165296702e-16,UP Significant
SLC12A7,1.2172530504533454,1.204056470762059e-16,UP Significant
LRP10,1.5341996745509614,1.2093359455677228e-16,UP Significant
AGBL5,1.40933706421756,1.2444357649789693e-16,UP Significant
SLC39A1,1.5963231671353695,1.2506902186744802e-16,UP Significant
DNAJC25,-1.0599513129604783,1.253319243342928e-16,DOWN Significant
IMPDH2,1.6523494083177237,1.2909802182498906e-16,UP Significant
FAM53C,1.124667599624066,1.2918046236147967e-16,UP Significant
KIAA1586,1.0584646756244052,1.3103229171786484e-16,UP Significant
GPATCH3,1.0003027761429584,1.3291409734236617e-16,UP Significant
ARL4A,1.6207915264693775,1.340659559890101e-16,UP Significant
STX16,1.175682703083078,1.357647217048391e-16,UP Significant
KDM3A,1.0459035076205194,1.3851967334174063e-16,UP Significant
UTP23,1.04903985081815,1.3923239449068266e-16,UP Significant
SUMF2,1.0364673732277927,1.433743012728733e-16,UP Significant
NARF,1.4152289242864144,1.444628700265936e-16,UP Significant
RRP1,1.0485773968302547,1.5119896094432284e-16,UP Significant
PPP1R35,1.3369518032110368,1.550256505583026e-16,UP Significant
NPC1,1.248216921537999,1.5512360657768364e-16,UP Significant
KHSRP,1.3910706573250335,1.5724905725079395e-16,UP Significant
BZW2,1.3428976854383343,1.608702629315765e-16,UP Significant
AP003068.23,1.0964424109309319,1.6103953103493422e-16,UP Significant
MANF,1.7511915574893973,1.6135287544412107e-16,UP Significant
NDRG2,-1.2500445248855492,1.6329115014081012e-16,DOWN Significant
NOP58,1.2191773708688967,1.660505857513454e-16,UP Significant
MGME1,1.1823916058014814,1.6677790495730357e-16,UP Significant
TIMELESS,1.5489196553738234,1.6964922716742408e-16,UP Significant
HAMP,-5.54169750475641,1.8444178569860114e-16,DOWN Significant
RAD21,1.4794221819999365,1.86523128203229e-16,UP Significant
PHF20L1,1.0332562213033065,1.8687372452445215e-16,UP Significant
RP5-1061H20.4,1.1851242996961027,1.900181613046e-16,UP Significant
DIDO1,1.3396049695815448,1.907268479616631e-16,UP Significant
SRM,1.078114687722044,1.9090507520931564e-16,UP Significant
THAP8,1.242592828113811,1.9169167373395564e-16,UP Significant
RPRD2,1.2902929762793613,1.961759649545234e-16,UP Significant
IRF3,1.0903341375506805,2.0239063373197872e-16,UP Significant
NDRG3,1.4667867478250898,2.0526089345507365e-16,UP Significant
CHML,1.6864427273003315,2.0802745329030757e-16,UP Significant
METTL23,1.0816453842757534,2.092132461307565e-16,UP Significant
DCUN1D5,1.1765328792708152,2.1355210009534738e-16,UP Significant
PRPF4B,1.1879458736430806,2.1782319144384519e-16,UP Significant
EIF3H,1.226358056988551,2.1782319144384519e-16,UP Significant
CPD,1.840280988276211,2.186342435261869e-16,UP Significant
CDC42SE1,1.1960350570869736,2.192851789544532e-16,UP Significant
CCDC142,1.1287688377912601,2.2399206249356012e-16,UP Significant
NCKIPSD,1.1086203766795864,2.252256330949618e-16,UP Significant
LPL,1.0168451308923934,2.2582091609361924e-16,UP Significant
RSL1D1,1.0577321794738426,2.2748231191408345e-16,UP Significant
SOX18,1.4418811366785322,2.2966092996018683e-16,UP Significant
PDIA6,1.2883128378100217,2.2966092996018683e-16,UP Significant
SKAP2,1.178171471064684,2.398897613973463e-16,UP Significant
METAP2,1.027414496725382,2.4119253820981933e-16,UP Significant
MYO19,1.3956426822918608,2.543935937975549e-16,UP Significant
SLBP,1.0677281669192147,2.5900214673148e-16,UP Significant
KLF13,1.2040615645764463,2.6048103632392125e-16,UP Significant
RRP12,1.1694433338691668,2.7537523922238783e-16,UP Significant
B4GALT1-AS1,-1.0522660813107623,2.7586986314782826e-16,DOWN Significant
EIPR1,1.3177800569627252,2.787546728053795e-16,UP Significant
SLC35E3,1.1243051520307106,2.8643219486291994e-16,UP Significant
UQCRH,1.0523673640486413,2.879335486160526e-16,UP Significant
PTP4A3,2.764727695346981,2.8878393147279016e-16,UP Significant
YIPF2,1.030941977143315,2.939933373538617e-16,UP Significant
TTC13,1.5930390641005785,3.0325641595159105e-16,UP Significant
FAM83H,1.7823492709294513,3.0545601275613797e-16,UP Significant
MAN2B1,1.1925806378849027,3.1506756249721094e-16,UP Significant
MLLT10,1.0415724173839065,3.171459572493895e-16,UP Significant
SCAMP2,1.020733561022309,3.192989362565346e-16,UP Significant
BRI3BP,1.3493180875422552,3.200109590455289e-16,UP Significant
PRKDC,1.8112959872165288,3.202689133713716e-16,UP Significant
WFS1,1.4287220169854793,3.249033850562119e-16,UP Significant
POLE2,1.7696605187306178,3.285383150147435e-16,UP Significant
SRCAP,1.1294402100658663,3.481327085345474e-16,UP Significant
C3orf85,-2.7803734895208088,3.491154354532617e-16,DOWN Significant
PACS2,1.2880720259173897,3.5135901949879484e-16,UP Significant
MLEC,1.5997371744050142,3.5291206622397683e-16,UP Significant
DHX9,1.2036838391757172,3.534887647787775e-16,UP Significant
NDC1,1.1023541023340098,3.539010163295587e-16,UP Significant
BSG,1.8072140200486277,3.648366398289137e-16,UP Significant
NMT1,1.0192244296905884,3.6529871898241595e-16,UP Significant
SMYD5,1.477145290364813,3.7058789387189603e-16,UP Significant
USB1,1.0485168269863943,3.756327130541732e-16,UP Significant
SCRIB,1.6232060783498357,3.86699663511676e-16,UP Significant
TAOK1,1.0331620216315287,3.9415693024929833e-16,UP Significant
MRPL10,1.182201698895192,3.956613531650133e-16,UP Significant
ERGIC3,1.1743087135651624,4.0133700492477336e-16,UP Significant
CGRRF1,1.038266129752508,4.07729679020084e-16,UP Significant
KLC2,1.2834523973169,4.1687554363027487e-16,UP Significant
WARS2,1.0518443747074093,4.194791099712846e-16,UP Significant
SAAL1,1.051556330132536,4.2027617571695347e-16,UP Significant
TEDC2,1.7366353381967223,4.32638172483718e-16,UP Significant
DGKQ,1.0451954275680628,4.3284320743515905e-16,UP Significant
CENPH,1.5320479839651298,4.33969592442685e-16,UP Significant
NIPA2,1.1172148018087271,4.44967706843136e-16,UP Significant
ATP13A1,1.2488513905001195,4.463305360485992e-16,UP Significant
INTS3,1.252152141256267,4.508172990504389e-16,UP Significant
SUZ12,1.2832241363031542,4.538694805415219e-16,UP Significant
GNPTAB,1.2838594846719427,4.5846381201208555e-16,UP Significant
CLRN3,-2.935533470443719,4.590995767505109e-16,DOWN Significant
THOC3,1.0582350463549002,4.665926441414303e-16,UP Significant
BCL9,1.9645646040065976,4.670454960713684e-16,UP Significant
IFFO1,1.049949350323128,4.709310596247788e-16,UP Significant
NUDT2,1.1052680397097872,4.737690448715171e-16,UP Significant
CKS2,1.8048681744850175,4.765877108796198e-16,UP Significant
RRM1,1.2374386772928276,4.765877108796198e-16,UP Significant
GHDC,1.0837106397014007,4.766614240169785e-16,UP Significant
MRC1,-1.723088782232367,4.788192018166835e-16,DOWN Significant
CCAR1,1.289197512367822,4.799550228668872e-16,UP Significant
NRBP1,1.0586411649198375,4.817651051766951e-16,UP Significant
NPTN,1.2914103187529506,4.830188279990359e-16,UP Significant
LIN9,1.3336836963545515,4.850697886816511e-16,UP Significant
NPM1,1.4719497492427935,5.071855243990545e-16,UP Significant
OIP5,1.6388013738590117,5.159485929196736e-16,UP Significant
CXCL2,-3.45807054492179,5.159485929196736e-16,DOWN Significant
IGBP1,1.076560920943093,5.228057742306726e-16,UP Significant
ANLN,1.9973515040516008,5.284479455732245e-16,UP Significant
ZNF346,1.0440709732438258,5.2962770144263935e-16,UP Significant
INTS8,1.2973898237236487,5.327664650770472e-16,UP Significant
CCDC61,1.0706175400590183,5.501032199143198e-16,UP Significant
UNKL,1.1028370001444872,5.569744170277425e-16,UP Significant
H2AX,2.1822074945008207,5.583192133333174e-16,UP Significant
LIMS1,1.0973914124378772,5.745991808924619e-16,UP Significant
ST3GAL2,1.1184479364498257,5.785808915226702e-16,UP Significant
TRAPPC9,1.1822601487348963,5.814303506959701e-16,UP Significant
CYRIB,1.6165060079333817,5.815418399609612e-16,UP Significant
PSMD11,1.15072841983823,5.9838132582448905e-16,UP Significant
MSH2,1.768683853679409,5.98622357051562e-16,UP Significant
WASHC2C,1.066547605338688,6.026308801876238e-16,UP Significant
CYP2B6,-3.5442301448710967,6.026345750518175e-16,DOWN Significant
TCF3,1.7400021728113897,6.093074970793023e-16,UP Significant
LINC02027,-1.7203835121475892,6.111916391739948e-16,DOWN Significant
IFI35,1.1294298816166357,6.288623147422035e-16,UP Significant
ZDHHC9,1.202433728733184,6.430464768508166e-16,UP Significant
RANBP3,1.0480632989642218,6.45065546526116e-16,UP Significant
SLC25A29,1.4621920574222886,6.475410109861402e-16,UP Significant
ABL2,1.0472495537982853,6.591581711309485e-16,UP Significant
TCIRG1,1.225441357062814,6.832330490191608e-16,UP Significant
FLVCR1,1.906281166764825,6.889560192851875e-16,UP Significant
TOR2A,1.0476129770244342,6.938223021345492e-16,UP Significant
GSTZ1,-2.0043316867158643,7.001601780074385e-16,DOWN Significant
SMARCAL1,1.049661497026367,7.00185413418676e-16,UP Significant
COPS5,1.0464525954058628,7.139911892400772e-16,UP Significant
PM20D2,1.631532475572214,7.154456676522959e-16,UP Significant
ZMPSTE24,1.1083299596708414,7.279408472315602e-16,UP Significant
FUCA2,1.2165732501947026,7.331921140176318e-16,UP Significant
TPR,1.4559879150258097,7.447405393181687e-16,UP Significant
PDSS1,1.359124437461576,7.560050290121605e-16,UP Significant
RBM4,1.1278317019968602,7.577735791789761e-16,UP Significant
BRPF3,1.466490619064929,7.5940850633473305e-16,UP Significant
UNC13B,1.091864099102094,7.821193420837684e-16,UP Significant
MRPL47,1.0209286623358498,7.837825137597486e-16,UP Significant
PCIF1,1.0579001020995022,7.915384149104861e-16,UP Significant
UBE2K,1.0417703174654522,7.918155503782397e-16,UP Significant
SRRD,1.0296432978281198,8.151423906365752e-16,UP Significant
PDCL,1.0861243653652983,8.152231344029523e-16,UP Significant
PUS1,1.186660347096371,8.16295388883166e-16,UP Significant
DR1,1.0465361056421623,8.2537838628581735e-16,UP Significant
SMC1A,1.1171962526670396,8.309760802193343e-16,UP Significant
RP11-256L6.3,-1.528668889557292,8.602115712891592e-16,DOWN Significant
NRAV,1.0220563312366964,8.673760661981163e-16,UP Significant
CYP2C8,-4.8514117567578445,8.758116511033603e-16,DOWN Significant
SIRT7,1.3169716441740187,8.850991640991246e-16,UP Significant
TMUB2,1.1214834422044713,8.876242483996019e-16,UP Significant
RAB29,1.3405345239316877,8.89134844527438e-16,UP Significant
ZMIZ2,1.1237350610562493,8.893632882659292e-16,UP Significant
LHX2,-1.1580874011416757,8.979252718932528e-16,DOWN Significant
FAM13A,-2.2746574453825303,9.235025780923415e-16,DOWN Significant
UBE2E1,1.0302091605483055,9.397714045962226e-16,UP Significant
RPS5,1.4245844460377786,9.444482767694165e-16,UP Significant
SHKBP1,1.2958475100560056,9.600069827299837e-16,UP Significant
RP11-511P7.5,1.6441729812943058,9.619823998958984e-16,UP Significant
RNF4,1.0357053300097632,9.724055002584555e-16,UP Significant
RASAL2,1.1779954709031064,9.767248363876702e-16,UP Significant
C1orf43,1.0304960324093546,1.0108654989308255e-15,UP Significant
SUV39H2,1.2217108595338668,1.0308281821285137e-15,UP Significant
ALG1L,2.378821981131807,1.0678769053756306e-15,UP Significant
DNAL4,1.0333241590857072,1.069785772513798e-15,UP Significant
BBOX1,-3.1801107929659844,1.0876333729756585e-15,DOWN Significant
MCM3AP,1.1001621857073953,1.1085105324408181e-15,UP Significant
AP2B1,1.2182298098297197,1.1277031913285244e-15,UP Significant
RIOK1,1.1891197167567815,1.1482232406245658e-15,UP Significant
RNF216,1.0450919707723325,1.1567627141574579e-15,UP Significant
SMARCD1,1.639021699510642,1.1700398166399633e-15,UP Significant
DENND4B,1.537991548934483,1.1766236876007043e-15,UP Significant
FBXW8,1.0752108265600344,1.1766236876007043e-15,UP Significant
ITPA,1.0965991684432517,1.1875329308001158e-15,UP Significant
PIP5K1C,1.2072732223677693,1.203569341084449e-15,UP Significant
DCAF7,1.2914318143721295,1.2083851734242785e-15,UP Significant
MTFR2,1.0781863758920933,1.22638113074111e-15,UP Significant
TMEM8B,1.2038860780957794,1.2710618815009606e-15,UP Significant
MRPL13,1.348224898885479,1.2929630780869252e-15,UP Significant
SNRPG,1.0004993472247472,1.3074862961008895e-15,UP Significant
PRRC2B,1.489039672957753,1.3074862961008895e-15,UP Significant
HAND2,-1.5969706696581483,1.3112517086822343e-15,DOWN Significant
SH3GL1,1.0812555989828834,1.412084595585015e-15,UP Significant
PLGLA,-3.122313383584473,1.4328215103640867e-15,DOWN Significant
TUFT1,1.5689798275009452,1.4434802097138706e-15,UP Significant
ARPC1B,1.4572415136157,1.4480665347337657e-15,UP Significant
NT5DC2,2.8702755482019158,1.4863185120638827e-15,UP Significant
RFC3,1.1865535975357755,1.512668570666951e-15,UP Significant
STARD7,1.0179907451488912,1.5451718513105235e-15,UP Significant
TLCD1,1.8408289717821356,1.625380927192222e-15,UP Significant
P4HA2,1.8488444172102074,1.6358560809721469e-15,UP Significant
EXO1,1.3958040265057483,1.6450541242215146e-15,UP Significant
RRP1B,1.191529270050053,1.6523705358594874e-15,UP Significant
AZGP1,-2.0940082090109886,1.6689757857342101e-15,DOWN Significant
SP2,1.1125633480392791,1.7169205067883887e-15,UP Significant
POLD1,1.5903204290794353,1.7195193053509355e-15,UP Significant
ERAL1,1.1881839826657021,1.7207095212202187e-15,UP Significant
ACTN4,1.1319723731344578,1.7231405561744766e-15,UP Significant
MKKS,1.027856446444574,1.7278950232585604e-15,UP Significant
C10orf88,1.0097775401935698,1.7334106877602026e-15,UP Significant
GSDMD,1.114569706572408,1.8915701340710623e-15,UP Significant
GNPDA1,1.327119658995096,1.920225821161558e-15,UP Significant
ZNF251,1.0289368796670262,1.9867633759018685e-15,UP Significant
AIMP1,1.0108880813016192,2.013310156321085e-15,UP Significant
CEP131,1.3882333108093288,2.0258593848456963e-15,UP Significant
GPR107,1.436620228492791,2.0358931204654357e-15,UP Significant
TMEM184B,1.67336767482193,2.0705781965985005e-15,UP Significant
DENR,1.2956521217737489,2.1251290487260792e-15,UP Significant
FLYWCH1,1.0088796064231476,2.1546895351558328e-15,UP Significant
BOLA3,1.2358966594329246,2.172830156636655e-15,UP Significant
FADS3,1.1975130996510925,2.2040790350757633e-15,UP Significant
PFDN4,1.5985102002128415,2.2554613103242273e-15,UP Significant
ETFDH,-1.5439275512037058,2.26865823325091e-15,DOWN Significant
KIF4A,1.5893471715374998,2.291746707154551e-15,UP Significant
CRTC2,1.1458910554609139,2.344435888453168e-15,UP Significant
POGZ,1.3969115222172896,2.356282647089057e-15,UP Significant
JUP,1.1790712377978592,2.424033197999016e-15,UP Significant
GTPBP2,1.9685808854271376,2.4335477960699895e-15,UP Significant
HSD17B13,-5.2245866678953625,2.438040767699429e-15,DOWN Significant
MVP,1.3487110877611097,2.4504047554825352e-15,UP Significant
MAN1C1,-2.224380260201881,2.4608674044825965e-15,DOWN Significant
SLC29A1,1.9282490515331752,2.514219849362724e-15,UP Significant
CDC25B,1.669611889632481,2.516880472247443e-15,UP Significant
DHX8,1.2305852583327255,2.546279851481412e-15,UP Significant
TMEM70,1.131285706108354,2.5609448310552297e-15,UP Significant
CSTB,1.6058740810934369,2.5882625774066694e-15,UP Significant
MAPKAPK5-AS1,1.0724963555051623,2.611024947862289e-15,UP Significant
NR2F6,1.0002962725256923,2.732436887838623e-15,UP Significant
DMAC2,1.0711812838378503,2.732436887838623e-15,UP Significant
SLC35D2,1.177164032977032,2.7980285160802875e-15,UP Significant
PFDN6,1.0869166856978505,2.8244970007533982e-15,UP Significant
OPTN,1.0116844738704014,2.82857436126648e-15,UP Significant
RBBP7,1.0539031527370444,2.9212590001415168e-15,UP Significant
CETN2,1.0591922035519814,2.9745276241265e-15,UP Significant
IPO4,1.1147303488282791,3.003087124976127e-15,UP Significant
IFT52,1.6458907842765684,3.0361892093897296e-15,UP Significant
CENPA,1.809731013203283,3.092591045553602e-15,UP Significant
NOCT,-1.2118829711441392,3.1026641489936192e-15,DOWN Significant
SPSB2,1.4572680678973657,3.1344933978838545e-15,UP Significant
ZNF787,1.0311148892052433,3.1819475064462664e-15,UP Significant
ADGRG7,-1.7432236485261765,3.2372775801288234e-15,DOWN Significant
CHD1L,1.2751988040540514,3.2372775801288234e-15,UP Significant
RBM12,1.2756327392768845,3.2386880315948347e-15,UP Significant
ZNF628,1.0949239559370236,3.2462962788366568e-15,UP Significant
XRN2,1.1753832600219476,3.334482881599095e-15,UP Significant
RTN3,1.0567650372683879,3.38764615780523e-15,UP Significant
SAYSD1,1.1094853666656022,3.4326761889812665e-15,UP Significant
KIF2A,1.198588799484363,3.481120494996682e-15,UP Significant
RAPGEF1,1.1284506685507862,3.490311130235993e-15,UP Significant
RP4-583P15.15,-1.246564750636595,3.510676146661667e-15,DOWN Significant
PSEN2,1.1720664359762765,3.5247120723158464e-15,UP Significant
SENP2,1.0112198821899745,3.549076971357143e-15,UP Significant
MEF2D,1.2244415716569033,3.591216503408964e-15,UP Significant
LMNB1,2.0508731552363852,3.5981518836851455e-15,UP Significant
AP3M1,1.1375996187405715,3.6221991653363274e-15,UP Significant
C2CD4D-AS1,1.3522096224274056,3.7143208515567356e-15,UP Significant
TOR3A,1.8920050417564434,3.804146941642188e-15,UP Significant
SRXN1,1.6348096403022612,3.9229718657285434e-15,UP Significant
TRIP13,1.532008020654103,4.010667217873724e-15,UP Significant
UBE2N,1.1439260295416238,4.043112612267275e-15,UP Significant
MAPK14,1.0697266915929493,4.053343379077474e-15,UP Significant
SLC26A11,1.2285416675040897,4.059454608865266e-15,UP Significant
SYNJ2,1.3445385311054006,4.08773789156744e-15,UP Significant
TRAFD1,1.2018581678257498,4.120075410277098e-15,UP Significant
TGS1,1.0518939740141684,4.232842467718274e-15,UP Significant
DCAF12,1.023220877535107,4.2477204487444035e-15,UP Significant
MOB3A,1.0425900663517709,4.289265276326963e-15,UP Significant
WASH6P,1.138263304676291,4.302135786338075e-15,UP Significant
JADE2,1.1497724403367018,4.310956546764282e-15,UP Significant
TMEM201,1.3358558458135177,4.4139473463281644e-15,UP Significant
KNL1,1.6380366185752857,4.470806575591682e-15,UP Significant
IGFBP3,-2.1115400646219227,4.535688224433697e-15,DOWN Significant
ZNF731P,1.4585307036739272,4.773275059821236e-15,UP Significant
MGAT4A,1.2780380442588997,5.043794012914741e-15,UP Significant
SIPA1L3,1.317787555987584,5.052714617723787e-15,UP Significant
MPC1,-1.53046809459586,5.052930771553173e-15,DOWN Significant
SRD5A3,1.3779566602487514,5.0698518019952775e-15,UP Significant
UBA2,1.2815254434604841,5.083511671160664e-15,UP Significant
C1orf226,1.3264289007538954,5.3121160298876086e-15,UP Significant
EIF2AK2,1.0537324850869787,5.3825446830045606e-15,UP Significant
C20orf27,1.463286212990861,5.391848305496918e-15,UP Significant
MCM4,2.264566811773132,5.413794469852355e-15,UP Significant
NAA40,1.3016700868941848,5.487387603098203e-15,UP Significant
NUTF2,1.0192888525554284,5.545761327447787e-15,UP Significant
KANSL3,1.250564883936872,5.6103556457516865e-15,UP Significant
ARFGAP1,1.3539639433994277,5.696347614046049e-15,UP Significant
HEATR5A,1.1661426854383992,5.814259824845347e-15,UP Significant
TUBG2,1.0807375972985709,5.913882228661357e-15,UP Significant
PIP4K2B,1.2783326635905008,6.004398366387455e-15,UP Significant
GIT2,1.056804033260329,6.0905944251095265e-15,UP Significant
BCL7A,1.2019150704316162,6.093004900385415e-15,UP Significant
ZNF512,1.3262594311665563,6.248646044150846e-15,UP Significant
HAUS5,1.1877717416776126,6.282694325986858e-15,UP Significant
YIF1B,1.2988360713739713,6.290214017085301e-15,UP Significant
LIMD1,1.0016628346963634,6.3468139141688155e-15,UP Significant
SSB,1.1726442887146966,6.402217066794387e-15,UP Significant
E2F6,1.1590727285762887,6.408756317914752e-15,UP Significant
ZNF219,1.7537119848049838,6.408756317914752e-15,UP Significant
AC004540.4,-2.468374841222066,6.497925875284174e-15,DOWN Significant
PCBP4,1.6639107163553941,6.524336493826962e-15,UP Significant
RANBP3L,-1.2214052623553597,6.592363062692169e-15,DOWN Significant
CD2AP,1.3876671412155908,6.595244091520186e-15,UP Significant
SMYD2,1.6866624967452934,6.750149314406902e-15,UP Significant
VAMP5,1.0656958616854473,6.75988807417092e-15,UP Significant
IFT80,1.0542681835842587,6.82517701748225e-15,UP Significant
EHMT2,1.191197016136603,6.953144747637367e-15,UP Significant
MT1G,-5.305400547882755,7.319376419569532e-15,DOWN Significant
EZH2,1.8191258438092142,7.320107292052184e-15,UP Significant
RFWD3,1.0477318499232868,7.628489305670722e-15,UP Significant
ESM1,2.476929120563386,7.836183012987526e-15,UP Significant
USP22,1.596266089896945,8.172745007065483e-15,UP Significant
CCT8,1.2366422133574035,8.218491894959212e-15,UP Significant
CDC45,1.5152701554533516,8.23531562174764e-15,UP Significant
YIPF1,1.1181408583657686,8.348247751688557e-15,UP Significant
MLLT1,1.0276849815548323,8.41596893678926e-15,UP Significant
HS1BP3,1.1853375914137771,8.47578299348219e-15,UP Significant
CCDC34,1.7031302405764637,8.745546745820477e-15,UP Significant
MCM5,1.848798370233974,8.80537851985275e-15,UP Significant
KDM5C,1.1160645430405847,8.852158006337738e-15,UP Significant
KPNB1,1.3391770675528294,8.934529725036064e-15,UP Significant
FKTN,1.040818186451123,9.070703806600209e-15,UP Significant
NDST2,1.1117170676005292,9.11365677652233e-15,UP Significant
ACADS,-1.0905732095004046,9.151128517504253e-15,DOWN Significant
ENPP4,1.294913132558898,9.298760419847415e-15,UP Significant
MOB4,1.0540970743364593,9.329201687446948e-15,UP Significant
VSIG10,1.2046580223358956,9.354612990145827e-15,UP Significant
CDA,-2.3774186258812993,9.457309095212263e-15,DOWN Significant
ACACA,1.1943523781750571,9.503470053208762e-15,UP Significant
LYPLAL1,1.1486776068165745,9.506463723488685e-15,UP Significant
SQSTM1,1.7108902134860893,9.53058170923489e-15,UP Significant
RPA1,1.1032807941210074,9.543655229148749e-15,UP Significant
LRRC8D,1.1391615607763437,9.70881692304578e-15,UP Significant
CBFA2T2,1.1470421073444916,9.748236272047124e-15,UP Significant
ANO10,1.5126736533316816,9.941789528339842e-15,UP Significant
GSTA4,1.8676942396732126,1.0090179441704263e-14,UP Significant
CCDC43,1.0350298213906624,1.074611453867107e-14,UP Significant
MPV17,1.3308845282016515,1.0959149157068372e-14,UP Significant
MPHOSPH9,1.2117528147082142,1.0984587767024832e-14,UP Significant
GHR,-2.431057557572851,1.1111342973860367e-14,DOWN Significant
COX4I2,1.5819777715997758,1.1233772182345043e-14,UP Significant
SYNCRIP,1.0544629180900378,1.1394208518096197e-14,UP Significant
GLOD5,-1.216248176859906,1.1687780465188429e-14,DOWN Significant
ACSM3,-2.216406097471142,1.1947506699450738e-14,DOWN Significant
RCOR3,1.1580841580223717,1.2095586503798026e-14,UP Significant
TFAP4,1.116393183131621,1.2120677706658468e-14,UP Significant
METTL21A,1.1657784206805095,1.2603210031276498e-14,UP Significant
GTF3C5,1.0996060665419152,1.2607943534767764e-14,UP Significant
EIF2S3,1.1787511683251441,1.2823701368591423e-14,UP Significant
GLRX3,1.1766144386989472,1.2948013309621234e-14,UP Significant
GTF3C2,1.1357928195162068,1.3225782724431404e-14,UP Significant
GPATCH8,1.0112645929732405,1.3473554610614763e-14,UP Significant
SLC50A1,1.4674950831037812,1.3822097235886345e-14,UP Significant
ABL1,1.2832741100877496,1.384874970892978e-14,UP Significant
NECTIN2,1.0982453241343668,1.4039914336954247e-14,UP Significant
EEF1AKMT4,1.0086270784407732,1.435673540650151e-14,UP Significant
GINS1,1.8937089588685336,1.4596676824388582e-14,UP Significant
GON4L,1.179834597601362,1.4865043890056443e-14,UP Significant
TRAM1,1.2532713274843807,1.5043129866265713e-14,UP Significant
RCN2,1.930287074841059,1.52839529686109e-14,UP Significant
UBE2I,1.047510794495064,1.5809147814429626e-14,UP Significant
USP1,1.1565448384915822,1.5887886071646734e-14,UP Significant
MED6,1.0518818570428365,1.5964599149162333e-14,UP Significant
RPS21,1.4969779631389049,1.596515196508492e-14,UP Significant
COL15A1,1.7198109439524385,1.605905668385732e-14,UP Significant
PLPP3,-1.2722448780234084,1.634114097543171e-14,DOWN Significant
HSF1,1.2455984163055187,1.6341499915175542e-14,UP Significant
PPP1R16A,1.404776045292432,1.6378820078073595e-14,UP Significant
RHBDD3,1.2870419155766828,1.6739273364127662e-14,UP Significant
RP11-565P22.6,1.322930329294358,1.7481936881264475e-14,UP Significant
MYBL2,2.6772489166809272,1.753297430684728e-14,UP Significant
PAPOLA,1.0566279344180183,1.778623409074023e-14,UP Significant
FAM222B,1.226334715932149,1.8514344231385704e-14,UP Significant
B3GALNT2,1.213903467294069,1.8698644071671172e-14,UP Significant
EXOSC3,1.0488587463300356,1.9050449307513742e-14,UP Significant
SPC25,1.3709088260810725,1.9379851911164685e-14,UP Significant
SNHG32,1.6995209137031555,1.944062123251132e-14,UP Significant
PGAP2,1.0272788597321023,1.947033767544656e-14,UP Significant
FBL,1.3859149682262055,1.9783005890395483e-14,UP Significant
MARCHF2,1.0606846273556387,1.9924057698403974e-14,UP Significant
DSCC1,1.3830127262441463,2.063056804457314e-14,UP Significant
PPP4R1,1.0967558027601783,2.0840766123800893e-14,UP Significant
HTRA2,1.0119369184614686,2.1158754394240547e-14,UP Significant
SUPT16H,1.3677147188832564,2.1292080554349788e-14,UP Significant
POLR3A,1.0715210312859371,2.133281020789652e-14,UP Significant
HJURP,1.7868989030370301,2.1336779078907367e-14,UP Significant
G6PD,1.8349514212481275,2.1481504579166172e-14,UP Significant
PTMA,1.1040932278168931,2.218488770029541e-14,UP Significant
TFRC,1.5758660279651493,2.2353368152155056e-14,UP Significant
MCM7,1.7093318347434567,2.2716748857383713e-14,UP Significant
CYP4V2,-1.6941554418790021,2.2762511115850293e-14,DOWN Significant
SMARCC2,1.0167445019728687,2.2799237540695138e-14,UP Significant
C3P1,-2.687085735389627,2.3192626904596838e-14,DOWN Significant
SDE2,1.0084780744651876,2.3670032692288016e-14,UP Significant
RBMX,1.2381756607420158,2.3670032692288016e-14,UP Significant
PARD6G,1.254578001861201,2.3773566072061236e-14,UP Significant
RP11-29H23.8,1.375473299022062,2.4280286422321628e-14,UP Significant
ZSCAN2,1.1517862157373995,2.4686595729456026e-14,UP Significant
ASH1L,1.1567982188821264,2.521720560206382e-14,UP Significant
ZBTB42,1.0920072299750636,2.5603290107509884e-14,UP Significant
PLEC,1.3280878614180174,2.5743308481075404e-14,UP Significant
TTK,1.74375363201814,2.5888858909307342e-14,UP Significant
SLC25A19,1.0886706977972287,2.5969678226876718e-14,UP Significant
NMI,1.02436870911944,2.6008767617926932e-14,UP Significant
HIP1,1.176183471213026,2.6414272825392595e-14,UP Significant
RNPS1,1.1398431504257633,2.678749373094289e-14,UP Significant
FAM111B,1.5077599462022424,2.7707738216390352e-14,UP Significant
ENSA,1.1244014175336963,2.7891217768713903e-14,UP Significant
CD58,1.4477323870066916,2.9127256730867556e-14,UP Significant
XRCC3,1.6151373415496841,2.927796735581741e-14,UP Significant
MAP4K2,1.072488610693992,2.970846533045656e-14,UP Significant
CAPN2,1.2881508526445997,2.976243428559904e-14,UP Significant
UHMK1,1.0269548806473416,3.020455484826588e-14,UP Significant
HNRNPH1,1.3597352305544081,3.0249077586247964e-14,UP Significant
HMGCL,-1.3257407796334215,3.115098619243457e-14,DOWN Significant
GTF2I,1.2025245162614988,3.131967007611153e-14,UP Significant
ATP9A,1.6127639606465425,3.168114870309374e-14,UP Significant
HACD2,1.0507087520890037,3.233758261189686e-14,UP Significant
TTI1,1.043885532017957,3.2424820552256414e-14,UP Significant
JRK,1.0920256893559719,3.2861960749873044e-14,UP Significant
NCOA5,1.2760459666419672,3.302534317228133e-14,UP Significant
LYRM4-AS1,1.1123735272354076,3.4965037808498605e-14,UP Significant
SNRPD1,1.2925836622466544,3.516040648703098e-14,UP Significant
ANP32E,1.1991489419165853,3.59707058154529e-14,UP Significant
MCRIP1,1.2899398255112602,3.607771866940852e-14,UP Significant
GORAB,1.243877879711323,3.677060393688179e-14,UP Significant
FLYWCH2,1.25014480730059,3.684347996275954e-14,UP Significant
HABP4,1.2420626768270906,3.842820366822239e-14,UP Significant
SPAG5,1.5252645954869333,3.8939849166551595e-14,UP Significant
BCL2L11,1.152746107377797,3.957483855977044e-14,UP Significant
LSM14B,1.3024870302169371,3.975415200033798e-14,UP Significant
FAM111A,1.0862128883758786,3.990997312542655e-14,UP Significant
MTDH,1.1286430397310108,3.99250550738601e-14,UP Significant
DUT,1.2081603155911216,4.083350268656264e-14,UP Significant
FKBP3,1.0572526067001125,4.101095371266134e-14,UP Significant
GIT1,1.3123280417472136,4.167732594206757e-14,UP Significant
RAD51AP1,1.810450830241297,4.259104115799655e-14,UP Significant
HMGB2,1.9041539974618478,4.276111548369493e-14,UP Significant
CAPN1,1.0748504208627052,4.3001382083144315e-14,UP Significant
TACC3,1.8174036074745072,4.4428555555065266e-14,UP Significant
POLA2,1.158284018356113,4.473544622109547e-14,UP Significant
CTB-25B13.12,1.3177659755933895,4.4798989867611136e-14,UP Significant
MT1E,-4.374842005855352,4.490719515750742e-14,DOWN Significant
ACSL4,3.893334521165805,4.492669540882732e-14,UP Significant
C17orf58,1.0987390038263682,4.516764761080009e-14,UP Significant
PCLAF,2.1539136891088604,4.5675982588630045e-14,UP Significant
RMI1,1.130410756116494,4.582488981448958e-14,UP Significant
RP11-295G20.2,1.6597104015932995,4.602970949104359e-14,UP Significant
AGO2,1.2542110944927871,4.6405554342138826e-14,UP Significant
HSP90AA1,1.5991073368091602,4.6501102242325544e-14,UP Significant
EDC3,1.0769602785292944,4.685356394747415e-14,UP Significant
CTBP1-DT,1.1239245568236313,4.745741008104282e-14,UP Significant
MINDY1,1.0850504698703753,4.746253454117557e-14,UP Significant
DNAJC10,1.239230521292043,4.829367501529831e-14,UP Significant
RPL23AP42,1.5229018098742495,4.924073110584055e-14,UP Significant
HDAC2,1.591707651410458,5.0044616964820794e-14,UP Significant
PIGU,1.46173784136082,5.0044616964820794e-14,UP Significant
YEATS4,1.2502273569836944,5.0228574680344456e-14,UP Significant
KB-68A7.1,-1.177634989902668,5.040259664193073e-14,DOWN Significant
HELZ2,1.2672515556579307,5.06088131570224e-14,UP Significant
LINC02542,1.520089593391389,5.071758865268231e-14,UP Significant
PLP2,2.54916775556652,5.083868641024271e-14,UP Significant
COPS7B,1.298734125650237,5.0929888192190875e-14,UP Significant
SMIM29,1.1569360740539412,5.148603645684263e-14,UP Significant
GLA,1.3687159028102571,5.232360295697791e-14,UP Significant
PORCN,1.0389292848273142,5.365555155552957e-14,UP Significant
SNHG16,1.0959126414711955,5.403796965289564e-14,UP Significant
PLIN3,1.4549736020510617,5.4060110130258844e-14,UP Significant
RPSA,1.4605987759647565,5.4528547905616824e-14,UP Significant
AARS2,1.2969174640518277,5.5504233947991724e-14,UP Significant
TPX2,2.1153827557245677,5.5918312935199763e-14,UP Significant
HPS3,1.1242004720748604,5.821443422522998e-14,UP Significant
TNPO2,1.1351536759607859,5.824063033136798e-14,UP Significant
CUL7,1.707657259018533,5.896215970647445e-14,UP Significant
TAF9B,1.0596184602486454,5.901395478510695e-14,UP Significant
CLK2,1.3433275280449095,6.037671258846554e-14,UP Significant
ARID4B,1.1640738770666799,6.100774625108433e-14,UP Significant
KHDRBS1,1.0034730083063454,6.140946919541732e-14,UP Significant
MED22,1.138894890997068,6.290070208821613e-14,UP Significant
ZNF384,1.270884147632354,6.5625619757416e-14,UP Significant
RMI2,1.8441775037841888,6.59870586407605e-14,UP Significant
FKBP9,1.4747849253390743,6.701702127507341e-14,UP Significant
TMEM168,1.0278915571762524,6.760067691899535e-14,UP Significant
ECHS1,-1.2879065197472936,6.78539274768506e-14,DOWN Significant
HEXB,1.0157438783044883,6.83485581739405e-14,UP Significant
SERF1A,1.2406807073536579,6.865508447856482e-14,UP Significant
SLC25A47,-4.208179944845627,6.865508447856482e-14,DOWN Significant
NUDT1,1.7720216342706654,6.952341317860676e-14,UP Significant
NCAPG2,1.3557053315071805,7.074254275864744e-14,UP Significant
PKMYT1,1.6012247098064156,7.082622785985063e-14,UP Significant
MSL3P1,1.3533730029020505,7.168347586229242e-14,UP Significant
PLCB1,1.7441073304886987,7.261785893941948e-14,UP Significant
CCSAP,1.1592724830561387,7.693817198074793e-14,UP Significant
H3-3A,1.3455290338248718,7.872469885134966e-14,UP Significant
HGF,-1.6892930544564713,8.01161638386263e-14,DOWN Significant
MT1X,-3.799270193451596,8.076030132620048e-14,DOWN Significant
HIF1AN,1.090827834855331,8.119458627310463e-14,UP Significant
CASTOR2,1.291019005446498,8.15558661154424e-14,UP Significant
GPR89A,1.1453950453471649,8.17932125234761e-14,UP Significant
SENP1,1.022820707182985,8.347770325210311e-14,UP Significant
LINC01767,-2.2441707875666213,8.347770325210311e-14,DOWN Significant
RASSF4,1.8648031154873466,8.350208874006317e-14,UP Significant
VIRMA,1.1448385148669251,8.353144218131756e-14,UP Significant
HNRNPLL,1.0018217612932654,8.560054979144547e-14,UP Significant
ARHGAP10,-1.3276936993059696,9.022552270921044e-14,DOWN Significant
PTPRA,1.207610529715442,9.025800135039391e-14,UP Significant
SERPINH1,2.1110168194246315,9.378963989867526e-14,UP Significant
AKR1C3,1.9081703289938243,9.531926188702799e-14,UP Significant
TUG1,1.2625410442431302,1.0179976494515038e-13,UP Significant
MAP3K7,1.18143293094356,1.029597871738117e-13,UP Significant
PHF6,1.0641535657828944,1.0441613216581127e-13,UP Significant
FN3KRP,1.0685759017963021,1.051615652225725e-13,UP Significant
GGPS1,1.1626547680161705,1.0689366820492551e-13,UP Significant
NT5C3B,1.1098825719051106,1.0933123899158255e-13,UP Significant
DSP,1.4133702493880076,1.100619684762238e-13,UP Significant
BAZ2A,1.2042793544982584,1.1055516908463166e-13,UP Significant
NUP93,1.2292675009069831,1.1061603699025431e-13,UP Significant
DTL,1.7179787398452162,1.1425604141890686e-13,UP Significant
FGFR4,1.6730180250917916,1.1465798610717023e-13,UP Significant
MKI67,1.703207000099486,1.1598464945007328e-13,UP Significant
PSMD3,1.058315786015796,1.1870810257046645e-13,UP Significant
MYH14,1.0680526449807597,1.1882319838409931e-13,UP Significant
ZMYND19,1.0746420773793224,1.1995320072592565e-13,UP Significant
DUSP23,1.1456097842009196,1.2169859356429704e-13,UP Significant
TBCC,1.499754152513392,1.2218518811562355e-13,UP Significant
CENPM,1.9902602658740383,1.2252864879930815e-13,UP Significant
RAB11FIP4,1.9274724309697522,1.2679789781760376e-13,UP Significant
GTF3C6,1.1247597667479576,1.271777656268513e-13,UP Significant
SMG9,1.1225419403008647,1.2848365530521582e-13,UP Significant
ZKSCAN3,1.1289612233278357,1.319734203076723e-13,UP Significant
FEZ1,-1.2298095850847965,1.3524669368528545e-13,DOWN Significant
PRKCI,1.05911919729218,1.4087295590938337e-13,UP Significant
ZNF302,1.0661606208381413,1.4099512358519109e-13,UP Significant
BAG2,1.1622359874721526,1.4218988851488877e-13,UP Significant
ACD,1.0169615953531608,1.431132095839272e-13,UP Significant
TCEA1,1.0782334365044148,1.4497080490601586e-13,UP Significant
CSNK1G2,1.0361553105213228,1.463098680220939e-13,UP Significant
GLB1,1.316570153446154,1.463863831153769e-13,UP Significant
CUTALP,1.1591497554042216,1.4708492308256672e-13,UP Significant
THOC5,1.0756511902987018,1.4948736557598003e-13,UP Significant
ENO3,-2.1372661447967105,1.4977658963103127e-13,DOWN Significant
SEMA3F,1.7598745063764472,1.5124490302638176e-13,UP Significant
FLOT1,1.0890284257304672,1.5835273878985212e-13,UP Significant
ADSL,1.1734987482655255,1.5916456751846833e-13,UP Significant
SP3,1.1067544146537487,1.616163138952264e-13,UP Significant
AKT1S1,1.0048641808668828,1.638628931063452e-13,UP Significant
HECTD2,1.065267220369996,1.6408097172534988e-13,UP Significant
PRKCA,1.1271519943398585,1.6520643357730786e-13,UP Significant
DUSP7,1.023547640317463,1.673869006653739e-13,UP Significant
HNRNPA1P7,1.3019161629064877,1.705096834484198e-13,UP Significant
PRKAB2,1.4473245162880781,1.7140902316163258e-13,UP Significant
TOPBP1,1.195976313823603,1.8055805916933804e-13,UP Significant
CPNE3,1.0177079312027808,1.8085163527761832e-13,UP Significant
PPP2R3C,1.0062286047142326,1.848398259839894e-13,UP Significant
BORCS6,1.090863996013457,1.866088296940729e-13,UP Significant
RNF44,1.4078048037829065,1.870980553109162e-13,UP Significant
RPL35A,1.1687192626002894,1.8841180930481727e-13,UP Significant
AMDHD2,1.0114459503389517,1.8843387482139523e-13,UP Significant
IRS1,1.1687528244716576,1.9051185694155624e-13,UP Significant
DLL4,1.3432904428572954,1.9136237703737045e-13,UP Significant
DLAT,1.5033289085407042,1.9444315195223584e-13,UP Significant
ANKRD13A,1.0048680777205115,1.9470684730212265e-13,UP Significant
GGA2,1.0110853244023286,1.9494983897617214e-13,UP Significant
BRD3,1.261547335570724,1.980457173228833e-13,UP Significant
LMCD1,1.7663640448622588,1.9893119581535493e-13,UP Significant
IDUA,1.3739820765676343,2.019962241795499e-13,UP Significant
PEX11G,-1.4073213921072805,2.0440114009179927e-13,DOWN Significant
DEGS1,1.1233754959219393,2.0440114009179927e-13,UP Significant
ZNF580,1.4522762328116279,2.076033921148568e-13,UP Significant
MFSD11,1.1135862247120238,2.0859537225002442e-13,UP Significant
CCDC93,1.0224698589394703,2.1597355151587528e-13,UP Significant
TMEM68,1.1811086412559435,2.1828291088056148e-13,UP Significant
LMNB2,1.692584603016345,2.2233346064272992e-13,UP Significant
LBR,1.5284226915207912,2.233163539676124e-13,UP Significant
POLR2H,1.103441504610994,2.3151795782279517e-13,UP Significant
VWF,1.7741411491973769,2.412167827581098e-13,UP Significant
IP6K2,1.0630313211517421,2.4683685413286544e-13,UP Significant
TLK2,1.1751396538152696,2.4736388148270875e-13,UP Significant
AC024560.3,1.0007542958309166,2.5206766116200473e-13,UP Significant
CNPY2,1.0752607029652044,2.547618300306777e-13,UP Significant
ORC6,1.402829300310099,2.562737019462329e-13,UP Significant
DPH7,1.195478416427315,2.593475495940181e-13,UP Significant
SDF2L1,1.1962940889945228,2.6025798675298466e-13,UP Significant
NUDT17,1.3416340354627048,2.645448688065157e-13,UP Significant
PDPK1,1.4361775281481517,2.6870980453803513e-13,UP Significant
GPRC5D-AS1,1.362094839505949,2.712433865472808e-13,UP Significant
NCOR2,1.3292039816277499,2.740896371727723e-13,UP Significant
TWNK,1.2437101212682935,2.7682428042798656e-13,UP Significant
COPG2,1.3031376842617657,2.7757167042435407e-13,UP Significant
RAD51,1.1562488989569562,2.8462847733440703e-13,UP Significant
FAT1,1.9729078967325546,2.8891780928877313e-13,UP Significant
UBR5,1.3284620715344309,2.9517261058510994e-13,UP Significant
PLBD2,1.3784632443350735,3.041876562891404e-13,UP Significant
TRIM33,1.0279023681904726,3.041876562891404e-13,UP Significant
DEPDC1,1.2889002133415908,3.049234366823608e-13,UP Significant
LCMT1,1.145631475051017,3.1328423912830345e-13,UP Significant
VPS54,1.0082854062464999,3.1707467023104215e-13,UP Significant
CXCL12,-2.7386073450962214,3.179842131765676e-13,DOWN Significant
PRPF40A,1.135268833057696,3.2130507722454757e-13,UP Significant
NAP1L1,1.6404844576545203,3.2299550363084575e-13,UP Significant
FOXP4,1.2903107005593233,3.2966451766520055e-13,UP Significant
NOP56,1.6378454260139161,3.308560801386907e-13,UP Significant
QRICH1,1.2774025736050958,3.4505852330284985e-13,UP Significant
RAB4A,1.1241713772065465,3.5021908440737957e-13,UP Significant
BUB1B,1.5720029197596666,3.5646402686492683e-13,UP Significant
ASPG,-3.167403197334596,3.6011753024512987e-13,DOWN Significant
RP11-297K8.2,1.476963873183095,3.6011753024512987e-13,UP Significant
DHRS13,1.635352495969636,3.604446353885858e-13,UP Significant
SKA3,1.2298907251060165,3.739085183098039e-13,UP Significant
PCMTD2,1.251992966901947,3.7663445084301637e-13,UP Significant
BTG3,1.3072025507561233,3.804058153862576e-13,UP Significant
HMGA1,2.3380929087049083,3.9215919470285376e-13,UP Significant
HNRNPA1P48,1.2073939805158092,3.9368243568667246e-13,UP Significant
PRPF40B,1.1258233971702232,3.970923427737511e-13,UP Significant
DCAF16,1.2834487765604858,4.065785274378758e-13,UP Significant
YWHAQ,1.0431333289353848,4.161634806605495e-13,UP Significant
MT1L,-2.9622625744887556,4.1885630513811495e-13,DOWN Significant
ATG4B,1.0601100663483436,4.2149553120681073e-13,UP Significant
GFUS,1.2646857196528538,4.2366370647866904e-13,UP Significant
EXOSC4,1.2310931115748902,4.375148679039322e-13,UP Significant
SVIL-AS1,1.283562486227988,4.429723699759761e-13,UP Significant
LLNLR-245B6.1,1.0334400206935723,4.4509281728540154e-13,UP Significant
ATXN2L,1.0473081924137846,4.4509281728540154e-13,UP Significant
TEFM,1.0088476404113784,4.5007806574464294e-13,UP Significant
GTF2H2C_2,1.163647477926669,4.526746123316713e-13,UP Significant
VAT1,1.510932957579258,4.647710218310651e-13,UP Significant
SET,1.2592021066481554,4.697470398667619e-13,UP Significant
RAE1,1.1538113365684537,4.734541652493854e-13,UP Significant
AHCTF1,1.0860220263259346,4.813591293317991e-13,UP Significant
SPTAN1,1.096992225440994,4.87610357259467e-13,UP Significant
CYP2R1,1.005861444103099,4.995043609414957e-13,UP Significant
RP11-1259L22.2,-1.5839834646449114,5.074655716897541e-13,DOWN Significant
THY1-AS1,2.186337398257715,5.268778898164266e-13,UP Significant
MAML1,1.0086006906825409,5.419510687274664e-13,UP Significant
ASCC3,1.0827808349265173,5.422643109000223e-13,UP Significant
MSH6,1.198869625936831,5.446854597341683e-13,UP Significant
SPARC,1.6458844349406112,5.455010021570674e-13,UP Significant
SNRPA1,1.120566197863925,5.773422233316433e-13,UP Significant
ABRAXAS1,1.0199873709625986,5.83381602416528e-13,UP Significant
NCAPH2,1.2316381915021601,5.998178597782768e-13,UP Significant
CEP41,1.1448074781072464,6.097426052900817e-13,UP Significant
CLN6,1.2290225157994632,6.135828086096253e-13,UP Significant
SNRNP70,1.0772150624088939,6.164398145959813e-13,UP Significant
WHRN,1.1823838198705063,6.201172472610653e-13,UP Significant
RB1CC1,1.2377501716180275,6.313747723323984e-13,UP Significant
RARS2,1.0288376869651863,6.426505458322775e-13,UP Significant
UBL7,1.0935733328378388,6.507672986860561e-13,UP Significant
GLYATL1,-3.017301077044955,6.54858414673121e-13,DOWN Significant
SVBP,1.2010137584144567,6.572293154170722e-13,UP Significant
STK35,1.2766853964004943,6.65449746653299e-13,UP Significant
PTPRG,1.2983575178024103,6.655405506991016e-13,UP Significant
DUXAP10,2.060469562967933,6.773256803958626e-13,UP Significant
CKAP4,2.01005840137315,6.877786329148292e-13,UP Significant
POM121C,1.1146180745343117,6.905003831243175e-13,UP Significant
GADD45G,-2.387330465340856,6.905003831243175e-13,DOWN Significant
CRELD2,1.279924407892235,6.917119351287857e-13,UP Significant
NCAPH,1.7831386602051889,6.963243147625229e-13,UP Significant
SH3PXD2B,1.0090498960580652,6.982771784106142e-13,UP Significant
SART3,1.1204792007997848,7.158574505622167e-13,UP Significant
RP11-977G19.10,1.4263659732263134,7.266549792577418e-13,UP Significant
MTR,1.3153033768369187,7.301127101946507e-13,UP Significant
SGO1,1.0865285486136358,7.452361652843348e-13,UP Significant
HSPA13,1.255704481018213,7.487656157807515e-13,UP Significant
DRAM1,1.1333247905536277,7.683138165035148e-13,UP Significant
DPCD,1.0940606207826364,7.980940909316532e-13,UP Significant
FOXP1,1.147161432426968,8.058656335682907e-13,UP Significant
PTPN12,1.141263251871456,8.087175934595789e-13,UP Significant
LIMD1-AS1,1.0833257194381551,8.34011518604384e-13,UP Significant
MTERF3,1.0257988032578043,8.401414930797148e-13,UP Significant
LLGL1,1.2460072437979708,8.461846377057651e-13,UP Significant
NEDD1,1.0983243213548353,8.482066467176371e-13,UP Significant
MT1A,-2.7907492583553934,8.521946867005469e-13,DOWN Significant
HSPH1,1.3103256869294597,8.748174759024817e-13,UP Significant
H2BC19P,1.120411103729896,8.846104097493124e-13,UP Significant
SPTBN2,-1.5640817295458476,9.008377847828352e-13,DOWN Significant
GPD2,1.0464802236012263,9.39898246626276e-13,UP Significant
BRCC3,1.0316579466323728,9.754350703292382e-13,UP Significant
CHMP4C,1.426499826342334,1.0213385643908985e-12,UP Significant
DLGAP5,1.6849626649409832,1.0355031599113986e-12,UP Significant
PIK3C2B,1.0653825072108902,1.0375618273981888e-12,UP Significant
ACAA1,-1.5460610062813878,1.040200789750298e-12,DOWN Significant
LSM7,1.140878167179908,1.062312614980692e-12,UP Significant
ABCC5,1.3004058635812248,1.0682307441910818e-12,UP Significant
PECAM1,1.2452773492646405,1.0753813814061243e-12,UP Significant
MID1IP1,1.6808187916143167,1.1291536633225731e-12,UP Significant
TRIM45,1.0164628759172187,1.1415838049365439e-12,UP Significant
FNBP1L,1.1352208288874595,1.2150240965745457e-12,UP Significant
ACP6,1.2399981988611226,1.221826121594797e-12,UP Significant
LGALS8,1.274535658379452,1.2237797705973344e-12,UP Significant
SMYD3,2.4717845234369378,1.227597629812453e-12,UP Significant
STRIP1,1.2187451726401999,1.389710222424398e-12,UP Significant
PTBP1,1.033566349722066,1.4180779062349247e-12,UP Significant
BCR,1.3976358112262264,1.4467007703261805e-12,UP Significant
ARPC3,1.049752036399358,1.462691235581082e-12,UP Significant
SPIN1,1.181430085896403,1.4629300484301248e-12,UP Significant
CNOT6,1.1215427660059567,1.4664779046398588e-12,UP Significant
PON2,1.3918555003636275,1.4812983254701205e-12,UP Significant
DNAJB2,1.135247674162895,1.4953881175586488e-12,UP Significant
EPHA2,-1.6450773310793279,1.5864953084093286e-12,DOWN Significant
ZBED5,1.1141670137802684,1.5903852530370556e-12,UP Significant
TRIM28,1.5386265299301352,1.5978231466567827e-12,UP Significant
HAAO,-1.7838858688216748,1.6087332141553233e-12,DOWN Significant
SKAP1,-2.201098887620538,1.6183135623151912e-12,DOWN Significant
TCERG1,1.1889998077079333,1.6500855545879613e-12,UP Significant
ALDH1B1,-1.265108555802338,1.6572781985381899e-12,DOWN Significant
MEGF8,1.1611131176695606,1.6606232035050842e-12,UP Significant
THRA,1.1900329357279342,1.7351903181434678e-12,UP Significant
SMC2,1.2299595228131202,1.7497030427346425e-12,UP Significant
H1-0,1.3907460485999845,1.7639994208801555e-12,UP Significant
FBRSL1,1.3046515645442591,1.8446133069453183e-12,UP Significant
NCAPD2,1.659701006332217,1.8575702057992767e-12,UP Significant
MAPK9,1.015357983770885,1.860007789136498e-12,UP Significant
DDX55,1.0895044311726343,1.8851657613088822e-12,UP Significant
CDCA4,1.799806366998563,1.8885279411299463e-12,UP Significant
ERMP1,1.4567665828100334,1.8988626707325584e-12,UP Significant
RCAN3,1.0009669818791473,1.973882036155935e-12,UP Significant
RPS10,1.356343980965276,2.0002426692438665e-12,UP Significant
ERH,1.0044848369337647,2.0420995752305274e-12,UP Significant
LINC00598,-1.1560883621857307,2.1197483372545874e-12,DOWN Significant
ASPH,1.5335197148721296,2.1199974367680393e-12,UP Significant
GRAMD1C,-1.1063915784063107,2.1389823627225718e-12,DOWN Significant
NISCH,1.0766554095824747,2.1389823627225718e-12,UP Significant
ZNF75A,1.0347480431133476,2.1418315800535364e-12,UP Significant
RCC1,1.113911739078746,2.14450527307325e-12,UP Significant
MFSD13A,1.1572420811700603,2.1541961797806395e-12,UP Significant
GYG1,1.229823545617199,2.174705136127534e-12,UP Significant
VPS28,1.1312756565908986,2.1851913265568006e-12,UP Significant
RRS1,1.2355392329025658,2.187880280638202e-12,UP Significant
TNFAIP3,1.309774820805825,2.1956323266123533e-12,UP Significant
SGO2,1.2118777627352744,2.237735787936824e-12,UP Significant
HAO2,-3.588485229748549,2.25407791124397e-12,DOWN Significant
PODXL,1.8231652688950877,2.2681127429040074e-12,UP Significant
NDE1,1.0047484625665666,2.2857312923511584e-12,UP Significant
UBD,2.9192190842486974,2.3213698785329617e-12,UP Significant
INCENP,1.1950265618815847,2.3359315781828103e-12,UP Significant
CXCR2P1,-1.2085457356485447,2.3393848124336693e-12,DOWN Significant
TREM2,1.6384839307104075,2.3848156969717833e-12,UP Significant
CGREF1,2.5745484059712433,2.3861835163884147e-12,UP Significant
SFN,3.148613110121049,2.439610006963811e-12,UP Significant
PABPN1,1.0457903196401146,2.475887061159533e-12,UP Significant
MSANTD3,1.0668837082050224,2.502460699555378e-12,UP Significant
KMT5C,1.2381245842471782,2.5025095686575266e-12,UP Significant
RFC2,1.0356366325974191,2.5348978176636968e-12,UP Significant
GATD1,1.1717156442678665,2.654711137111186e-12,UP Significant
PP7080,1.068291651545286,2.6650791893388594e-12,UP Significant
ZBTB33,1.0457998041518852,2.6857807329829197e-12,UP Significant
NXT2,1.0729237880564486,2.6911028266999653e-12,UP Significant
TDG,1.2875248751513952,2.8123814824234644e-12,UP Significant
UQCC2,1.106016179928461,2.8882055884956053e-12,UP Significant
SOAT1,1.0056188404794102,2.914508892214919e-12,UP Significant
BCL2L12,1.2996769135632036,2.971108407767968e-12,UP Significant
ZNF664,1.2336958973252528,2.9897965198848206e-12,UP Significant
HEY1,1.1066337903818244,3.0664025535726013e-12,UP Significant
MXD4,1.0814581249383681,3.0777433170851587e-12,UP Significant
THRSP,-4.402611519392474,3.1575209673694384e-12,DOWN Significant
AC006538.4,1.2039988962365393,3.1638796657325647e-12,UP Significant
INMT,-1.8988304368246776,3.1658868904760874e-12,DOWN Significant
CENPK,1.6053050123190757,3.1944259263962896e-12,UP Significant
MAGED2,1.4636767780772129,3.206401098966747e-12,UP Significant
THEM6,1.2671323340318343,3.2914512692000495e-12,UP Significant
RPS12,1.3673802925923368,3.3118471923254206e-12,UP Significant
MAT2A,1.0093408315989887,3.396526011998757e-12,UP Significant
PDLIM7,1.6609464233970535,3.4095457715722703e-12,UP Significant
SNAP47,1.0847413159754287,3.4354489263148206e-12,UP Significant
CD4,-1.662997825325355,3.465325244466618e-12,DOWN Significant
NUCKS1,1.2084222533412552,3.4685128039049853e-12,UP Significant
CDKN2A,2.9225115635838286,3.4877909558368224e-12,UP Significant
JPT2,1.110483568972942,3.5010820001587684e-12,UP Significant
POLL,1.0188876080588196,3.514707823957136e-12,UP Significant
RHBDF2,1.5767535195039082,3.520373625823647e-12,UP Significant
FANCG,1.6550720377333386,3.5291085278941107e-12,UP Significant
NUAK1,1.0534488743611807,3.566803565520081e-12,UP Significant
FANCI,1.5437356888678135,3.566803565520081e-12,UP Significant
TMED10,1.0125845507233509,3.5778212991712686e-12,UP Significant
SLC26A2,1.0364350630814525,3.617570703597247e-12,UP Significant
MT-ATP6,-1.0300205406674081,3.640510726086943e-12,DOWN Significant
TM6SF2,-1.8577748129405172,3.6740327276647924e-12,DOWN Significant
FITM1,-1.2022548065071943,3.6906702754172704e-12,DOWN Significant
CERS5,1.252966559398304,3.6906702754172704e-12,UP Significant
CHD8,1.0370746762811454,3.797840998420355e-12,UP Significant
DOT1L,1.0149929399706583,3.864807132054036e-12,UP Significant
SELENON,1.3223130887268555,3.904527194980569e-12,UP Significant
TBCB,1.3972609720654985,3.928428291360943e-12,UP Significant
MT1H,-3.7154996506276032,3.942007002668355e-12,DOWN Significant
YEATS2,1.2742537673395908,4.067651784312017e-12,UP Significant
HLA-A,1.5344544782501162,4.085067004715453e-12,UP Significant
TONSL,1.4846122448646972,4.10720018942748e-12,UP Significant
GPR137,1.0986980699233881,4.122809915685131e-12,UP Significant
POMT2,1.020832179379897,4.222566232202934e-12,UP Significant
PPP1R2,1.1203465037887863,4.253299921267299e-12,UP Significant
N4BP2L1,-1.1820163325648023,4.3918333182551844e-12,DOWN Significant
LRRC42,1.2097623532575361,4.408740103667266e-12,UP Significant
AC104809.2,-1.3880969304616853,4.484020518981832e-12,DOWN Significant
AFM,-2.697354437399288,4.664121913715359e-12,DOWN Significant
ARHGEF39,1.321809514499209,4.691125662418873e-12,UP Significant
ZNF581,1.3655902929584354,4.707211941377953e-12,UP Significant
GEMIN2,1.0231805246996564,4.821270067291039e-12,UP Significant
ASF1B,1.7188739508927409,4.9057533431784e-12,UP Significant
RALY,1.4357068237775783,4.971402394201533e-12,UP Significant
LINC02362,-1.8442210571781854,4.971402394201533e-12,DOWN Significant
CKAP2L,1.189830079538336,5.100755021176698e-12,UP Significant
UNC119B,1.7169764888082157,5.119290772569481e-12,UP Significant
RIPK2,1.267311114833978,5.127884699489158e-12,UP Significant
MZT1,1.1806199214799111,5.1511136832629135e-12,UP Significant
YIPF3,1.7579686999367183,5.238646359127188e-12,UP Significant
ARPP19,1.0726636940449823,5.244338363473133e-12,UP Significant
PTBP3,1.3510834215675007,5.2587804051545115e-12,UP Significant
CLPTM1L,1.0608705465041126,5.319375466397204e-12,UP Significant
TMPO,1.4574779487414142,5.58972083626049e-12,UP Significant
LIG1,1.2376149497414124,5.6421459252534854e-12,UP Significant
C1QTNF1,-1.8406012991696028,5.874545467537174e-12,DOWN Significant
ERO1A,1.1611732543586144,5.9692084832085e-12,UP Significant
PHF19,1.6699860603495411,5.97264757513412e-12,UP Significant
RPS27A,1.1870354528180087,6.05542870704897e-12,UP Significant
UGT2B7,-3.410867368233853,6.0689550164626204e-12,DOWN Significant
ARL2,1.7399387062427958,6.089491077046837e-12,UP Significant
HELLS,1.8155469533254187,6.106486680365215e-12,UP Significant
DYNC1H1,1.1488217344294522,6.116747028719273e-12,UP Significant
FBXO46,1.1349443927867,6.119502956196271e-12,UP Significant
RP4-680D5.8,-1.2799908570345562,6.444861951055886e-12,DOWN Significant
RPS14,1.0171128892388683,6.574717163221358e-12,UP Significant
ASAP1,1.1743586072360934,6.6567272106456195e-12,UP Significant
EFNA3,1.2496154050149535,6.750659023593898e-12,UP Significant
SLC5A6,1.4165816245852687,6.822705733604499e-12,UP Significant
ZNF669,1.1761375738400073,6.870615443634016e-12,UP Significant
RDH5,-2.278322081066516,6.892402868919772e-12,DOWN Significant
EDEM3,1.1131537200282886,6.946609728437734e-12,UP Significant
RPS6KA3,1.2361040128404994,7.025406965323798e-12,UP Significant
NGFR,-1.7401678502495768,7.103348986695462e-12,DOWN Significant
B4GALT4,1.006062910453874,7.2235148722136794e-12,UP Significant
CALM3,1.2782333679170401,7.282792319733373e-12,UP Significant
PREB,1.312761729345719,7.392285228717721e-12,UP Significant
KLKB1,-2.2240664241219807,7.472249658703461e-12,DOWN Significant
PIP5K1A,1.2094925373286731,7.511968188005672e-12,UP Significant
MRS2,1.2081155286497216,7.599563422486259e-12,UP Significant
ZRANB2,1.079214269400178,7.850597555244529e-12,UP Significant
POM121,1.043788423836494,7.851856734482321e-12,UP Significant
VRK1,1.2300809002556745,7.890488165231947e-12,UP Significant
C15orf39,1.4730065341207608,7.926017923583014e-12,UP Significant
IFT81,1.1660702212023333,8.196814470251793e-12,UP Significant
GINS4,1.4235946682443519,8.284500263055503e-12,UP Significant
CHFR,1.0752120745257936,8.316609527417919e-12,UP Significant
GLI4,1.2196475397743982,8.396705195382982e-12,UP Significant
CCNE2,1.377213774198372,8.521316052708914e-12,UP Significant
EIF3D,1.1828745859211818,8.613584094360056e-12,UP Significant
SLC52A2,1.4283452374057697,8.735190497208008e-12,UP Significant
VOPP1,1.2989703707309803,8.744064589187663e-12,UP Significant
YAP1,1.2391272287989108,8.791382430266822e-12,UP Significant
UBAP2,1.25086971906641,9.037658948655946e-12,UP Significant
PBX2,1.1187875380287258,9.475397774402083e-12,UP Significant
BAX,1.3293465915206433,9.487048172528503e-12,UP Significant
PRSS8,-2.6629855855298254,9.519584779856434e-12,DOWN Significant
AKR1D1,-2.7825753813983365,9.625852044093063e-12,DOWN Significant
CMTM4,1.049245480573263,9.852681685272407e-12,UP Significant
LIX1L,1.1585487836956507,1.0109470088012289e-11,UP Significant
UBE2E3,1.05266708395256,1.0149619521186542e-11,UP Significant
ITGB5,1.0798014911661244,1.0579734192252315e-11,UP Significant
PBLD,-2.2271745614509015,1.0594704934225646e-11,DOWN Significant
HSPD1,1.0403506686156643,1.0656044189056797e-11,UP Significant
OAS3,1.277226356357904,1.0662369514493348e-11,UP Significant
DNMT3A,1.6387516521493537,1.0681618769401257e-11,UP Significant
CPQ,1.1607863763148547,1.0703982169639567e-11,UP Significant
MGAT5,1.1749102883070983,1.0746888449389523e-11,UP Significant
NOMO1,1.1453558419783372,1.1093477730319569e-11,UP Significant
AKR7L,-1.3639655593380557,1.1239696956830994e-11,DOWN Significant
WDR62,1.390435375097966,1.1360713861892809e-11,UP Significant
ZFP36,-1.4550630039730885,1.1612060369545449e-11,DOWN Significant
RHNO1,1.4821747880290157,1.1691808465510821e-11,UP Significant
FBXO32,1.3998598545682968,1.1825751976565529e-11,UP Significant
RPL13P5,1.0566828304566331,1.1871700625947636e-11,UP Significant
SLC4A2,1.0458320071298193,1.1978535587852848e-11,UP Significant
EMC2,1.0174686026719284,1.2038266909788233e-11,UP Significant
C17orf49,1.138440231085796,1.249219223120229e-11,UP Significant
TAF1A,1.0152853442197354,1.2558588414602883e-11,UP Significant
ARL5A,1.0308894382842855,1.2714370095026252e-11,UP Significant
GCH1,-1.1957796735500215,1.2788640807252037e-11,DOWN Significant
NUP205,1.1896791661933714,1.2791876684665128e-11,UP Significant
TYSND1,1.4145209153109664,1.279558768771067e-11,UP Significant
MIIP,1.1172797374677872,1.3196778053395012e-11,UP Significant
PDCD11,1.1841814579601393,1.3225772794984974e-11,UP Significant
RPIA,1.1720465873284467,1.3235521141336605e-11,UP Significant
ASRGL1,1.6611272290670671,1.3297719999409723e-11,UP Significant
SFR1,1.025607907732783,1.3332709837177992e-11,UP Significant
GIHCG,1.4989975499300479,1.3366558842001455e-11,UP Significant
TWF2,1.261992524652146,1.3421453231650917e-11,UP Significant
RPL17,1.1956211498515668,1.3478071870125463e-11,UP Significant
CSPG4,1.041271422020697,1.3828137469637106e-11,UP Significant
GLG1,1.025579211415541,1.4196824014815209e-11,UP Significant
NMB,1.90963996771878,1.4418022800884811e-11,UP Significant
XRCC6,1.0038090641075375,1.4532490694386475e-11,UP Significant
FAM222A,1.5180016668808942,1.463827515661695e-11,UP Significant
CLIC1,1.5447951172758243,1.483702814707433e-11,UP Significant
RP11-42O15.3,-1.912546466258498,1.4839958633489004e-11,DOWN Significant
RP1-63M2.7,1.103671239497451,1.5013088000438206e-11,UP Significant
CHEK1,1.5513111933021455,1.527910714757131e-11,UP Significant
TATDN1,1.1926488059278686,1.533744507612273e-11,UP Significant
PROSER3,1.0808877724830215,1.5846963832596342e-11,UP Significant
ZNF318,1.5343929565825758,1.6001774693246455e-11,UP Significant
CHRAC1,1.1146571573968393,1.629233507002505e-11,UP Significant
MRPL45,1.060773591256532,1.679157408570201e-11,UP Significant
FAM149A,-1.3742378829330595,1.6821010509914902e-11,DOWN Significant
KHNYN,1.1589919895550138,1.7013330324117647e-11,UP Significant
ZNF57,1.4043975775483992,1.7164880458274446e-11,UP Significant
RASGEF1B,-1.6126984494012864,1.735906712607881e-11,DOWN Significant
CCAR2,1.041235748374726,1.7738143813202196e-11,UP Significant
ANXA10,-2.8378095810199473,1.7913864434663605e-11,DOWN Significant
KIF11,1.4607841105451156,1.8423877280600306e-11,UP Significant
PSPH,1.8477833320407797,1.8493722920741094e-11,UP Significant
STEAP4,-1.2717994366987184,1.9021803841286552e-11,DOWN Significant
RPL7,1.453949388602016,1.9056806633587832e-11,UP Significant
MFSD14B,1.0497173232532013,1.9182910485806045e-11,UP Significant
EDRF1,1.0754417920447241,1.9472113817094803e-11,UP Significant
RABGGTB,1.0875334018500755,2.0284063041722906e-11,UP Significant
PPP1R3B,-1.5723120883185828,2.0375199413854916e-11,DOWN Significant
CCL15-CCL14,-1.2664003051189336,2.0417240390875767e-11,DOWN Significant
PACC1,1.1512743518284032,2.050628056768705e-11,UP Significant
ZWILCH,1.0859772245496804,2.126512033349509e-11,UP Significant
CYP2A7,-4.520018056356649,2.152075452318574e-11,DOWN Significant
RPLP2,1.0739995402209352,2.1706378574746304e-11,UP Significant
TARBP2,1.0398879736747402,2.174592389920283e-11,UP Significant
TMEM181,1.1514120892768824,2.175103390129828e-11,UP Significant
FYN,-1.415696169578835,2.2619538999791438e-11,DOWN Significant
PRR12,1.0427123126133675,2.2791643774413606e-11,UP Significant
PLEKHF2,1.1458716631771262,2.2966365140151826e-11,UP Significant
MROH1,1.2291705586766644,2.2971738852203208e-11,UP Significant
TMEM88,1.1185330759790089,2.366845591786975e-11,UP Significant
CERS4,1.031212143758128,2.388493798449203e-11,UP Significant
LINC00665,2.468731398189938,2.4120971526848026e-11,UP Significant
AACS,1.4449133367079707,2.4142866439801444e-11,UP Significant
UROC1,-2.8461575913100186,2.4208174690515563e-11,DOWN Significant
ELP1,1.5626120958715193,2.4229510434018166e-11,UP Significant
TYMS,2.0766535173211484,2.4563354846963995e-11,UP Significant
KMT2D,1.04699804727152,2.4673882684397344e-11,UP Significant
CEP95,1.0164577376402435,2.4673882684397344e-11,UP Significant
TPRN,1.2880166121676329,2.4953814104116655e-11,UP Significant
HSD11B2,1.0272640125809904,2.4997713755432678e-11,UP Significant
TRIM8,1.04369417611169,2.5844918748293703e-11,UP Significant
HDAC1,1.0537111571166866,2.6255144114243817e-11,UP Significant
TMEM185B,1.1502688005444877,2.6468635842101475e-11,UP Significant
ANXA2,1.7012349134511355,2.6825627084722512e-11,UP Significant
CTC-505O3.2,-2.3121552537275485,2.7577902670549347e-11,DOWN Significant
ASS1,-1.9088665643810714,2.8119112796411507e-11,DOWN Significant
UHRF1BP1,1.0134893593347951,2.8191646474655398e-11,UP Significant
H2BC12,1.4288709932514507,2.868453564793133e-11,UP Significant
C12orf73,1.296561177116863,2.8801591546724103e-11,UP Significant
HIGD1B,1.1641604050409917,2.8830473357371387e-11,UP Significant
TUBA5P,1.4958194501206266,2.938653524325194e-11,UP Significant
DEK,1.3901487053473982,2.938690042642537e-11,UP Significant
CPNE1,1.39856812695478,2.983354746652901e-11,UP Significant
POLDIP3,1.1858637393430729,3.0205393101002955e-11,UP Significant
ALDOA,1.3805160224848008,3.04051759067937e-11,UP Significant
PRXL2B,1.2915727523758926,3.169408691288887e-11,UP Significant
GLS2,-3.2247936476707415,3.186052642355902e-11,DOWN Significant
NOLC1,1.0164092584046562,3.198744999954069e-11,UP Significant
PELP1,1.0715040821878028,3.233553160278092e-11,UP Significant
SMC3,1.284806688701439,3.323410283028371e-11,UP Significant
C19orf48,1.7210378292902848,3.439150180122995e-11,UP Significant
RTL10,1.1363140852222038,3.5011744250321063e-11,UP Significant
KRTCAP3,-1.9838378361311952,3.5273413413268595e-11,DOWN Significant
TRAIP,1.2929521685963077,3.531904119339943e-11,UP Significant
EP400,1.1109062353749442,3.5337591829261304e-11,UP Significant
SLC9A3R1,1.1339625283751769,3.600482178768354e-11,UP Significant
YWHAZ,1.5414127232340906,3.614145380990519e-11,UP Significant
GIGYF1,1.0188084289116501,3.6330535600314146e-11,UP Significant
ZMIZ1,1.2104921248908225,3.85780958129828e-11,UP Significant
RPS27,1.3130133559666035,3.907975076969692e-11,UP Significant
SULT1A1,-1.7026950378855643,3.9335219879992466e-11,DOWN Significant
GYS2,-2.9922180089974955,3.95374125089602e-11,DOWN Significant
FBXL19,1.1480005031468599,4.0344369737419633e-11,UP Significant
SC5D,-1.0454297903778595,4.075749744629579e-11,DOWN Significant
KIF23,1.4680854177757066,4.1127637687455775e-11,UP Significant
LZTS3,1.091232555718104,4.131915937570658e-11,UP Significant
SNHG1,1.676688937366825,4.17553595227509e-11,UP Significant
PPM1F,1.107571636786278,4.1787904219915165e-11,UP Significant
MEA1,1.6176644470457227,4.25499295666923e-11,UP Significant
PLXNC1,1.5580203472714176,4.386197942900957e-11,UP Significant
CHD4,1.0933781904570283,4.4901369598477397e-11,UP Significant
SCMH1,1.0256157040678122,4.545432308546928e-11,UP Significant
ABCC6P2,1.3790733527193977,4.5472213975565716e-11,UP Significant
PLXNA2,1.0219516069329995,4.610761664409918e-11,UP Significant
RPS20,1.0340458539649777,4.6117663708909404e-11,UP Significant
DMGDH,-1.8366986135245416,4.627079297926403e-11,DOWN Significant
HBB,-2.0013897869521013,4.681664184268249e-11,DOWN Significant
TTF2,1.1091430851846227,4.719980067518468e-11,UP Significant
PDE7B,-1.0535275888417748,4.7508107382098356e-11,DOWN Significant
FOSB,-1.8371777809202017,4.7508107382098356e-11,DOWN Significant
H4C14,1.8095182625456903,4.901362946932194e-11,UP Significant
EXTL3,1.4094327453773212,4.904489625875983e-11,UP Significant
VHL,1.0829174437070974,4.905299343945411e-11,UP Significant
RP11-327J17.2,-1.0016913311360205,4.939265908352631e-11,DOWN Significant
ADH4,-4.405249400136955,4.940470520684862e-11,DOWN Significant
SMAD3,1.0636102467004598,4.9560609875645717e-11,UP Significant
ORC1,1.021063155902048,5.0776480370477105e-11,UP Significant
DGCR2,1.1883082860264707,5.124829942048581e-11,UP Significant
ZMYM3,1.1486049797481541,5.170676418992282e-11,UP Significant
UGP2,-1.108253152451101,5.213453515568444e-11,DOWN Significant
H4C15,1.5099956568215873,5.337855143096559e-11,UP Significant
GALNT1,1.244134891751806,5.404379037045789e-11,UP Significant
MAFG,1.2353052359473062,5.5540309074016206e-11,UP Significant
TKFC,-1.8282465331415318,5.7041862327340106e-11,DOWN Significant
CYP2A6,-5.351030987723074,5.736267022568164e-11,DOWN Significant
FANCA,1.015938931645526,5.907337457928366e-11,UP Significant
DEPDC7,-1.1985551004692296,6.1544474825152094e-11,DOWN Significant
C9orf40,1.1961591790222315,6.452367737548562e-11,UP Significant
H2AJ,1.0226560777757774,6.456798573464125e-11,UP Significant
MIS18A,1.3765918939516206,6.534260709927495e-11,UP Significant
EME1,1.0441533647206276,6.646952042083502e-11,UP Significant
RP11-425L10.1,1.306782017643393,6.704633248574648e-11,UP Significant
GTSE1,1.428044307133455,7.079158298834862e-11,UP Significant
H4C8,1.3274426235376737,7.164273130313793e-11,UP Significant
NUP188,1.102121880634479,7.298425845592397e-11,UP Significant
UHRF1,1.8977935341452659,7.326318534987857e-11,UP Significant
KIFC1,1.2547797221931118,7.426191062230394e-11,UP Significant
ASPDH,-2.645276915068499,7.534192949019089e-11,DOWN Significant
FOS,-2.548696635665118,7.543748790466467e-11,DOWN Significant
ABHD3,1.2706250389855573,7.610614588463004e-11,UP Significant
CD93,1.0402864260201088,7.6218394707815e-11,UP Significant
PACS1,1.1820704957995596,7.662799030058162e-11,UP Significant
RELB,1.469264088711261,7.725614577120479e-11,UP Significant
DMTF1,1.0917482430167635,7.873312922531798e-11,UP Significant
NCOA6,1.0467304706443572,7.893212539162614e-11,UP Significant
SHTN1,1.0345846727013082,8.009016165049527e-11,UP Significant
SKA2,1.0656676650816568,8.069251265410285e-11,UP Significant
SULT1C2,2.5126548690067008,8.07426949695496e-11,UP Significant
P3H1,1.2775424650482439,8.141639653156132e-11,UP Significant
PEG10,4.658538099201229,8.1652560655386e-11,UP Significant
FNDC3B,1.1601245073176538,8.183968752169867e-11,UP Significant
SNHG3,1.2737582230585351,8.190393988638604e-11,UP Significant
G6PC3,1.2211809642611051,8.197984465475162e-11,UP Significant
NSD2,1.3530247059795706,8.20010407732681e-11,UP Significant
TGFBR1,1.178245733371913,8.47175631952015e-11,UP Significant
KCNS3,-1.3122037311191306,8.667069078113922e-11,DOWN Significant
GNB5,1.2630885573464354,8.750577471954192e-11,UP Significant
RPL7A,1.0965817216907343,8.809849281889068e-11,UP Significant
FBXL6,1.3743132167800942,9.375835383281072e-11,UP Significant
NR0B2,-2.4756442785713118,9.421178204689121e-11,DOWN Significant
TACC2,1.3030068330867315,9.427742219576606e-11,UP Significant
CTDSP2,1.3556289056868942,9.466915195218018e-11,UP Significant
CENPO,1.2381929976690387,9.501636307795826e-11,UP Significant
DEPDC1B,1.5176412755039677,9.762503273126015e-11,UP Significant
SLC43A2,1.1332586623961625,9.876099153712718e-11,UP Significant
ITGAV,1.2383898092990977,9.982620216268125e-11,UP Significant
TMEM150B,1.915223555175271,1.0380354524003666e-10,UP Significant
RNF152,-1.344656775947393,1.0442245824321388e-10,DOWN Significant
ME2,1.0037164434377348,1.0632906647577193e-10,UP Significant
CLSTN3,1.4075834103438583,1.0668930160196398e-10,UP Significant
RRP36,1.6095250270951742,1.076217009749072e-10,UP Significant
PHYHD1,-2.373821564397029,1.0782545545605244e-10,DOWN Significant
ZFC3H1,1.0170976422539517,1.0913224141055875e-10,UP Significant
PALM3,-1.1226087991444664,1.0956011381257188e-10,DOWN Significant
ALDH2,-1.9935610653365332,1.1045651694737204e-10,DOWN Significant
PLPPR1,1.6154851015635399,1.1226527951315686e-10,UP Significant
MAP4K4,1.5402062010856792,1.1293171948435832e-10,UP Significant
SPON2,2.18221543612219,1.1368112953391054e-10,UP Significant
MIER2,1.2276068080591103,1.138997578798746e-10,UP Significant
SEMA6C,1.4717129448869075,1.1427405065733949e-10,UP Significant
CASP2,1.1164762803294503,1.142815008637649e-10,UP Significant
ANP32A,1.0238353483202225,1.1458738614561784e-10,UP Significant
SCARB1,1.1321305951846847,1.1721456861772946e-10,UP Significant
PDIA4,1.2002313824638398,1.2011166182790376e-10,UP Significant
ZNF605,1.023747970116141,1.226443866410705e-10,UP Significant
ACADL,-1.9042407788972133,1.278763522779283e-10,DOWN Significant
RP4-568C11.4,-1.5317766178753982,1.278763522779283e-10,DOWN Significant
TXN,1.1825957558062674,1.2903639276471913e-10,UP Significant
PRR7,1.5382236114483865,1.3049952302065132e-10,UP Significant
ATP1B3,1.421315547686516,1.3460781588625958e-10,UP Significant
PARPBP,1.6305056928282102,1.3578383716691428e-10,UP Significant
FOXK1,1.1171183539669447,1.3637129211204145e-10,UP Significant
DNAJC9,1.5466840257022665,1.3776727777769081e-10,UP Significant
MTA3,1.319292017891721,1.3789835466809835e-10,UP Significant
SSBP4,1.4776991228780934,1.3806810148165575e-10,UP Significant
JAG2,1.5216198672132473,1.3889267711717232e-10,UP Significant
ABCF2-H2BE1,1.0671655899549788,1.3949405767986816e-10,UP Significant
LINC02762,-1.0018665132912792,1.3951371803876763e-10,DOWN Significant
RP11-546D6.3,1.123003368815578,1.3957403082026657e-10,UP Significant
ZNF706,1.2167093894741239,1.398748486399029e-10,UP Significant
MFSD6,1.282785859049911,1.402887032141418e-10,UP Significant
ITGA5,1.4146441257722562,1.4134424678191753e-10,UP Significant
SPATC1L,1.5157209807257104,1.4292287073727962e-10,UP Significant
LRRC45,1.2611595080760138,1.4558390257590506e-10,UP Significant
ZNF329,1.007264357664426,1.4804873981283996e-10,UP Significant
TAF1D,1.0684477000538335,1.492099913199521e-10,UP Significant
DLG5,1.4512783121800727,1.5484466765788155e-10,UP Significant
RPL39,1.1157457994339257,1.551797227055432e-10,UP Significant
UGT2B10,-2.7124397587372977,1.5894039898245056e-10,DOWN Significant
HES6,1.753251137264914,1.616571179496409e-10,UP Significant
ACIN1,1.1222948689067227,1.6226400319103742e-10,UP Significant
CDC42EP4,1.2112421977674135,1.6226400319103742e-10,UP Significant
CTDSPL2,1.0044758878531679,1.6712927418209826e-10,UP Significant
RPL23,1.21075873918066,1.6756064667114368e-10,UP Significant
PLK4,1.0834484989278839,1.676100019950961e-10,UP Significant
CASP4LP,1.09145799236876,1.6820817800198513e-10,UP Significant
GPD1,-2.5006937470280968,1.7072726047087252e-10,DOWN Significant
RAB26,-1.495135022646355,1.7301917612483397e-10,DOWN Significant
WDR76,1.265548591646841,1.7402805040327673e-10,UP Significant
CDKN2B,1.0582147062199878,1.741284394310833e-10,UP Significant
H3P6,1.3510532730664568,1.7626732182133795e-10,UP Significant
DNMT1,1.408937898960522,1.773245684139715e-10,UP Significant
RPL23A,1.2224863562584645,1.7941947581703077e-10,UP Significant
GNAZ,1.5552295414413824,1.8040967787219737e-10,UP Significant
NES,1.556588355460526,1.8251774049650407e-10,UP Significant
LRRC24,1.1926977428239225,1.8266163447659584e-10,UP Significant
ZNF252P,1.0099877405396565,1.8473951773761549e-10,UP Significant
ETS2,-1.0446839896777567,1.9032871346255558e-10,DOWN Significant
OGT,1.0258618980620562,1.9175996432177848e-10,UP Significant
PPP2R5D,1.764320336261906,1.9288157320679795e-10,UP Significant
ZNF468,1.3225682719691454,1.9405577419186155e-10,UP Significant
ATP2B1,1.0803682311796972,1.9631553640094668e-10,UP Significant
CEP78,1.0188073818590087,2.0046933528189996e-10,UP Significant
PANK1,-1.320949680819672,2.0733129906411519e-10,DOWN Significant
RP11-161H23.5,1.3477642569510557,2.111921461022599e-10,UP Significant
ZNF775,1.0411579827098127,2.1208968336216947e-10,UP Significant
SPARCL1,2.191465869321012,2.1478462690436491e-10,UP Significant
NELFA,1.0417962061746104,2.1488664624765962e-10,UP Significant
GINS2,1.018491280729922,2.16443044454976e-10,UP Significant
TIA1,1.2608267569883553,2.2190570768685984e-10,UP Significant
PAFAH1B3,2.1486507255164042,2.2231030911338268e-10,UP Significant
ENSG00000269823,1.1165209667623763,2.2955544293175237e-10,UP Significant
WASF1,1.5111730422515983,2.2971267877885275e-10,UP Significant
PPARG,1.3781582242904906,2.3279010962277755e-10,UP Significant
TXNDC16,1.1065419978788287,2.3464339132253615e-10,UP Significant
TMEM237,1.3294279620245704,2.4413815664024585e-10,UP Significant
PRAF2,1.1204343148698173,2.500215638331689e-10,UP Significant
PPARD,1.255711643768202,2.567106082860763e-10,UP Significant
PRDM4,1.1003507181871601,2.6244967936864233e-10,UP Significant
GPSM2,1.2284935737855118,2.6370235414831584e-10,UP Significant
PAK4,1.1905809605647932,2.665774228966215e-10,UP Significant
PFKFB2,1.2123353879223129,2.7301426448152867e-10,UP Significant
ATP2B4,1.185445952242306,2.8280567468167944e-10,UP Significant
GOLGA2P7,1.7422089840767203,2.858651010604853e-10,UP Significant
FCGR2B,-2.1100690724857287,2.8647125765087253e-10,DOWN Significant
NAAA,-1.4485141855812573,2.879378386220541e-10,DOWN Significant
PSMC3IP,1.1537829192504307,3.051659707980346e-10,UP Significant
GGCT,1.0525642595720965,3.0864080918079927e-10,UP Significant
NOTCH3,1.5675942106026088,3.097675930561854e-10,UP Significant
NPIPA7,1.1545899646219142,3.125012735341394e-10,UP Significant
PLCG1,1.4281187413829248,3.136733622187703e-10,UP Significant
RPL15P3,1.0039437924393546,3.178994929462326e-10,UP Significant
MCU,1.121140301555167,3.215125413071356e-10,UP Significant
SPIRE2,1.3328438346373666,3.217028352093422e-10,UP Significant
S100A10,1.5126412994746552,3.285199495354062e-10,UP Significant
SNHG18,-1.1630554957427863,3.285199495354062e-10,DOWN Significant
MAPRE1,1.2710830100859618,3.3597675444648334e-10,UP Significant
PHIP,1.0055797138656954,3.391065291875147e-10,UP Significant
DCN,-3.9106089863532145,3.4543877723173636e-10,DOWN Significant
RPL37,1.004709596371276,3.4861516178366323e-10,UP Significant
RPLP0,1.383080857371727,3.5003670537684805e-10,UP Significant
ACAA2,-1.361983291021243,3.514111174370823e-10,DOWN Significant
CENPBD1P1,1.014555634098532,3.546444800295722e-10,UP Significant
PDZK1,1.4257311124734002,3.6333596267241894e-10,UP Significant
IFT22,1.0311552181499546,3.6638031324850274e-10,UP Significant
PRMT1,1.15997090846189,3.708747239496645e-10,UP Significant
MRAS,1.4748261143669732,3.7399798260624676e-10,UP Significant
ZNF710,1.3559238879892128,3.8458352911868387e-10,UP Significant
SPINDOC,1.5271557387261037,3.8729850182755985e-10,UP Significant
PAQR4,1.629274208539762,3.8729850182755985e-10,UP Significant
POLR1D,1.0161761746969287,3.874702320899917e-10,UP Significant
IGF2BP3,1.7412279641098924,3.88157521299551e-10,UP Significant
REEP4,1.1294042019622457,3.8924646963339336e-10,UP Significant
ATIC,1.1041238928393415,3.915830602205985e-10,UP Significant
MAPK1IP1L,1.0508863542512739,3.938492949509412e-10,UP Significant
RAI1,1.0784415539880667,3.9852441967267856e-10,UP Significant
IGSF8,1.1540272070037032,4.0282194310712454e-10,UP Significant
GAPDH,1.126043249408223,4.0513228625140595e-10,UP Significant
NT5C2,1.112249337269247,4.189717080732003e-10,UP Significant
DCK,1.0394290898465928,4.3489960683039965e-10,UP Significant
ASXL1,1.168766435130573,4.365546675237798e-10,UP Significant
CYP4A22,-2.7837754018209058,4.38451039505579e-10,DOWN Significant
KLHL21,1.0603296146540249,4.394487842056307e-10,UP Significant
HSP90B1,1.2212776375187495,4.5068046586920396e-10,UP Significant
MBNL3,1.6135107026990498,4.5213151288061686e-10,UP Significant
FAIM,1.4511715778750491,4.55258835871557e-10,UP Significant
STK36,1.033613736548492,4.5717566952223073e-10,UP Significant
ARID3B,1.0938557481659985,4.582272992472333e-10,UP Significant
CARD8,1.0001067734455695,4.6499332433208194e-10,UP Significant
CILK1,1.4274967328071924,4.686803006260216e-10,UP Significant
FZD5,1.0782684446687525,4.691679647875972e-10,UP Significant
LINC01138,1.6417676148211782,4.696366671440713e-10,UP Significant
C12orf76,1.0534169233851536,4.732201205494025e-10,UP Significant
TMEM9,1.5202133671085676,4.933301911745825e-10,UP Significant
ZNF518A,1.0290550450349276,4.938355382097188e-10,UP Significant
PABPC1,1.6101212718325755,5.059917901346291e-10,UP Significant
FAM110A,1.2911635793346175,5.078920386327109e-10,UP Significant
BCAS4,1.1151523789845261,5.121448143577109e-10,UP Significant
BAG3,1.0331330212945913,5.134675618496171e-10,UP Significant
SLF2,1.0343181256034635,5.274375704836672e-10,UP Significant
GADD45B,-1.7993608444195255,5.27838511762782e-10,DOWN Significant
C12orf57,1.0232660358070476,5.296929685052541e-10,UP Significant
BTBD3,1.265742915018988,5.318825850332242e-10,UP Significant
FAM53B,1.020591762583757,5.520913528972619e-10,UP Significant
RPS18,1.2406085334801809,5.525521144418102e-10,UP Significant
RPL30,1.125971579190983,5.616773264003976e-10,UP Significant
CCNE1,1.3114170483315362,5.625538859928623e-10,UP Significant
NPM1P27,1.1245098560361617,5.712327968528813e-10,UP Significant
MMP14,1.6755961635598595,5.796886724892693e-10,UP Significant
PJA1,1.0798204413445605,5.835150077328589e-10,UP Significant
GLYAT,-3.8545630975247605,5.839933960109522e-10,DOWN Significant
RALGPS2,1.0526150901144424,6.023841636764631e-10,UP Significant
CFHR3,-3.080473601901925,6.061852035557999e-10,DOWN Significant
PKD1P4,1.2756102968885905,6.220689815720865e-10,UP Significant
DAPK2,1.1992084290928617,6.234906994483856e-10,UP Significant
RPL8,1.3482663832557975,6.35802241603799e-10,UP Significant
IKBKG,1.1498795041090983,6.381152188023745e-10,UP Significant
ACAD11,-1.2519187912865428,6.40658180401392e-10,DOWN Significant
APPL2,1.0973530916192868,6.653978469457865e-10,UP Significant
CHCHD7,1.1060607548340693,6.6958027606373e-10,UP Significant
FLNB,1.0797618687367851,6.819013315960473e-10,UP Significant
C11orf80,1.2083852799163133,6.867354856887425e-10,UP Significant
ATP11A,1.1782373772304662,6.91003393087845e-10,UP Significant
RPP30,1.0035735486923607,6.914817689388711e-10,UP Significant
NDUFA4L2,2.136499147032539,6.924466907256685e-10,UP Significant
IGSF3,1.3951489662397925,6.929449893172776e-10,UP Significant
TRIM16,1.8697140230682598,7.082331408239602e-10,UP Significant
SDC2,1.0587208331127025,7.337125097641882e-10,UP Significant
ATP13A2,1.1043121735115964,7.413001251349947e-10,UP Significant
TMEM19,1.0060712928272584,7.434764083617236e-10,UP Significant
ATP1A1,1.4760249776983416,7.602405446195932e-10,UP Significant
SLCO1B3,-3.3170724278214943,7.706214653822078e-10,DOWN Significant
TDP1,1.0562738189144363,7.791428098869007e-10,UP Significant
KIF18B,1.2844677578012704,7.79370973314094e-10,UP Significant
FIGNL1,1.201079139442443,7.79370973314094e-10,UP Significant
CTD-2639E6.11,-1.994753110730703,7.989757582146489e-10,DOWN Significant
PPP1R14B,1.0997331896887994,8.05853145861327e-10,UP Significant
AIFM2,1.3433093946002748,8.182106310232743e-10,UP Significant
CCDC88A,1.0452129830308148,8.749632408857855e-10,UP Significant
CHEK2,1.3699518198852887,8.958308000339093e-10,UP Significant
SKP2,1.4192744822790053,9.027687089656962e-10,UP Significant
GALNT2,1.2490322211800091,9.210049605369781e-10,UP Significant
RANGAP1,1.206839245850992,9.210049605369781e-10,UP Significant
CAD,1.3155042190663342,9.303724621615732e-10,UP Significant
EPHX2,-1.5030575900050218,9.547816106900601e-10,DOWN Significant
THUMPD3-AS1,1.102038840401955,9.80011205779933e-10,UP Significant
IL22RA1,1.152465093562361,9.908056150411066e-10,UP Significant
CTC-490E21.11,-1.0370514728468352,1.0192542056885104e-9,DOWN Significant
SPPL3,1.1517742982028927,1.0202647567199516e-9,UP Significant
PTGFRN,1.5072705282631913,1.0306713044101078e-9,UP Significant
TBL1XR1,1.007179601998753,1.0373087634457183e-9,UP Significant
F13A1,1.2689422309961345,1.0514087822998067e-9,UP Significant
SLC22A1,-4.065296080590254,1.0581631881137223e-9,DOWN Significant
CAMSAP2,1.0778566915214736,1.0645971946873659e-9,UP Significant
DMPK,1.1660918465896757,1.0851776734771601e-9,UP Significant
CCDC14,1.0233026563630665,1.1759713004276003e-9,UP Significant
MOV10,1.011086862734163,1.1901155947289178e-9,UP Significant
SNHG17,1.1944589071711529,1.199439471775529e-9,UP Significant
GCKR,-1.9195172951993404,1.2141335992450804e-9,DOWN Significant
GTF2IRD1,1.099215100106725,1.2146029599859982e-9,UP Significant
HGFAC,-2.92385123631345,1.215242095673731e-9,DOWN Significant
MAGI2-AS3,-1.5622861293434491,1.2225066929393525e-9,DOWN Significant
RPS23,1.1436056978161933,1.2227081677755857e-9,UP Significant
BDH2,-1.0750378776386382,1.252299713239138e-9,DOWN Significant
CALR,1.1164927116235388,1.2657281829102182e-9,UP Significant
ING5,1.002068598291955,1.2742391034541026e-9,UP Significant
ZSCAN31,1.564731051608247,1.2918119975621312e-9,UP Significant
ZC3H11A,1.001710210916372,1.3019656933531454e-9,UP Significant
EPS8L3,2.174050092115724,1.3084527593638876e-9,UP Significant
AP3M2,1.0761021857795636,1.3128570376530872e-9,UP Significant
DUXAP9,1.750604467992687,1.3222319296412586e-9,UP Significant
RPL7P9,1.3431227605133027,1.3226986764126003e-9,UP Significant
NEURL2,1.0018630061968572,1.3250318226276105e-9,UP Significant
LINC02754,-2.9815098739896935,1.3326708621498356e-9,DOWN Significant
STK38,1.0017980106335942,1.349037548553891e-9,UP Significant
RPL37A,1.0852211972892736,1.3559933465771025e-9,UP Significant
RHOBTB2,1.0992895140520917,1.3656642345173e-9,UP Significant
IRF2BP2,1.0968001636137164,1.432951890128436e-9,UP Significant
NUP210,1.6041405069932697,1.4534405038160626e-9,UP Significant
WDHD1,1.2091775626408365,1.5141161230918862e-9,UP Significant
CTHRC1,2.4464988317621827,1.5659027094528697e-9,UP Significant
HAGHL,1.243360835458992,1.5693034612124427e-9,UP Significant
CYP3A43,-1.7013681612677636,1.5914692907222604e-9,DOWN Significant
XXYLT1,1.2509758007528935,1.5965688823143798e-9,UP Significant
TJAP1,1.570869204628568,1.613720732195209e-9,UP Significant
NSMAF,1.0247540305886302,1.6172189487578547e-9,UP Significant
CHST7,-1.4876829615901956,1.6350871652842861e-9,DOWN Significant
LINC01703,1.0670577365227618,1.6359193335193187e-9,UP Significant
TTLL4,1.8096870608796727,1.647710132982326e-9,UP Significant
SNHG4,1.148335934149253,1.6557178894375086e-9,UP Significant
ELOVL5,1.0733802821417378,1.6604040102726957e-9,UP Significant
RNF125,-1.8420261344351667,1.6801164617283037e-9,DOWN Significant
FANCD2,1.171245277857082,1.6829306784616242e-9,UP Significant
TESMIN,1.2089596799288909,1.7280665512854432e-9,UP Significant
RTEL1,1.0330013164955405,1.7541199169826542e-9,UP Significant
MLLT6,1.1594342960530308,1.7555441378146622e-9,UP Significant
PEMT,-1.1415129365321963,1.8035485499400422e-9,DOWN Significant
SLC1A4,1.2470854979393333,1.8301998690292208e-9,UP Significant
ZNF544,1.2643823942843824,1.8305002024013852e-9,UP Significant
BMPR1A,1.0870648725412224,1.8425209752880963e-9,UP Significant
TACSTD2,-1.3968719498559756,1.8597204247935975e-9,DOWN Significant
HILPDA,1.051779759825167,1.8603199546365999e-9,UP Significant
STK39,1.1972953597731892,1.8810225517332037e-9,UP Significant
KLHL5,1.1151185661560534,1.9153910067642387e-9,UP Significant
C1R,-1.9791853749021087,1.9180213451090986e-9,DOWN Significant
TAX1BP3,1.57945158133909,1.9222095653346307e-9,UP Significant
RPL36A,1.213140200357568,1.9552650636282134e-9,UP Significant
F11R,1.2585265015033187,1.9684214228416812e-9,UP Significant
RCC2,1.257931046299845,1.9893897098099106e-9,UP Significant
VMO1,-1.1056741274974378,2.00910183363089e-9,DOWN Significant
BCL9L,1.0924586417681605,2.0130081842088546e-9,UP Significant
FOXRED2,1.2893942667784974,2.0268223087612768e-9,UP Significant
PLIN2,-1.3884556900963636,2.159220473614529e-9,DOWN Significant
FIZ1,1.00552402116029,2.2349705577331643e-9,UP Significant
HS6ST1,1.4105662960159449,2.284269901082058e-9,UP Significant
AKR7A3,-3.26374866965953,2.3010059554711707e-9,DOWN Significant
MACROD1,-1.0638710226322932,2.3233869910449738e-9,DOWN Significant
CYP2C19,-1.041060645865079,2.4091873500390057e-9,DOWN Significant
ZNF585A,1.299469051793043,2.4144573757429215e-9,UP Significant
DDX11,1.362871268797436,2.468301809601858e-9,UP Significant
LIMK2,1.1726220834621648,2.5234316837368268e-9,UP Significant
ZNF552,1.042144978203948,2.557224518546701e-9,UP Significant
TBX15,-1.3021954293274165,2.570872862299749e-9,DOWN Significant
F9,-2.912605899995211,2.5961797742579346e-9,DOWN Significant
STK24,1.2784576512599974,2.6983301649123903e-9,UP Significant
ENPP2,1.7392218660390069,2.7485851573407424e-9,UP Significant
RPL7P1,1.266208969076573,2.855032532043337e-9,UP Significant
CCND2P1,-1.3528785806710537,2.857733724074967e-9,DOWN Significant
GGH,1.5547463721943844,2.858563271286103e-9,UP Significant
RPL28,1.1167365169289312,2.8767881677966285e-9,UP Significant
FUS,1.1113540994269195,2.891444413786607e-9,UP Significant
MMP9,1.7243359002640433,2.89187726359198e-9,UP Significant
GAS2L3,1.0623082483884967,2.929132645126529e-9,UP Significant
KDELR1,1.0217079971864402,2.929132645126529e-9,UP Significant
FDPS,1.2122243374566306,2.933307584050242e-9,UP Significant
RPL10A,1.0502903672685857,3.0189017442736786e-9,UP Significant
PRR11,1.2190847419334803,3.069308259638811e-9,UP Significant
TMEM164,1.3096996176317302,3.298390608656181e-9,UP Significant
CUL9,1.4766924319157124,3.3440796127632e-9,UP Significant
CRYBG2,1.530100180695649,3.4358719389589576e-9,UP Significant
ERAP1,1.0413804531960555,3.441979577786737e-9,UP Significant
CD320,1.294172595117257,3.4528099890573602e-9,UP Significant
PNMA1,1.4833631431292154,3.5020875460887173e-9,UP Significant
C8A,-2.6019477730094023,3.630501827549419e-9,DOWN Significant
ZCCHC3,1.0900914859154325,3.697430354270115e-9,UP Significant
RDH16,-3.0764324867435713,3.6980836969218947e-9,DOWN Significant
BAK1,1.5116640210459584,3.926885884292318e-9,UP Significant
RP11-544M22.13,1.8559180605144727,4.003871656031968e-9,UP Significant
SMO,1.16281103232487,4.012319208486388e-9,UP Significant
TRAF5,1.0092872833531872,4.247158105240289e-9,UP Significant
XPO5,1.6315897538984763,4.460644115132446e-9,UP Significant
NIPSNAP2,1.0164598538750647,4.4708019394518264e-9,UP Significant
TTC23,1.0202007866476452,4.618092795026124e-9,UP Significant
MCM8,1.104829547683395,4.698010358346091e-9,UP Significant
PSRC1,1.4162708091389271,4.722159374415041e-9,UP Significant
CAPG,2.4358615386479925,4.87140488053643e-9,UP Significant
ARID3A,2.451365453118301,4.882904247749196e-9,UP Significant
COL5A2,1.6147723193186645,5.008654275185824e-9,UP Significant
NOMO3,1.2240333134964294,5.096070309831414e-9,UP Significant
RPL22L1,1.7638778922644214,5.105432738342035e-9,UP Significant
RPL41,1.0001651476957107,5.147151360950723e-9,UP Significant
UBE2Q2,1.3201782584827753,5.181000014227752e-9,UP Significant
U91324.1,-1.2349103508142485,5.319161634405196e-9,DOWN Significant
RP11-128M1.1,1.099956071079774,5.342564467617181e-9,UP Significant
DTNBP1,1.290924986291421,5.653913703858484e-9,UP Significant
IL13RA2,-1.187572455521567,5.7767348902809505e-9,DOWN Significant
SOCS2,-1.5329483623489626,5.839813954357514e-9,DOWN Significant
B3GNT5,1.8002231448089008,5.935167643676333e-9,UP Significant
SGMS1,1.1087409288665824,6.043998132173559e-9,UP Significant
MTATP6P1,-1.0561314199045384,6.056488047966508e-9,DOWN Significant
CEP55,1.1500973862266717,6.072380900447191e-9,UP Significant
DUXAP8,1.085299566540564,6.2099284719577536e-09,UP Significant
MFGE8,1.8293829395025383,6.455834962977285e-9,UP Significant
ACTN1,1.00132758516484,6.566584050686265e-9,UP Significant
P3H4,1.686608155646386,6.571022856933665e-9,UP Significant
AZIN1,1.1144559409221788,6.681279666782203e-9,UP Significant
METTL9,1.0167280850176579,6.916746298946125e-9,UP Significant
ANG,-1.8341518849064489,6.919008004577004e-9,DOWN Significant
ANKRD13D,1.0615779808093795,7.145026455122647e-9,UP Significant
CDC5L,1.1712521527234867,7.434592033689874e-9,UP Significant
CYP2J2,-1.4070336777622048,7.49419642804805e-9,DOWN Significant
RPS2,1.1399352369712261,7.62406044194684e-9,UP Significant
SLC10A1,-3.279280069452658,7.634760151080004e-9,DOWN Significant
GGA1,1.0672422560512769,7.827921660579411e-9,UP Significant
CASTOR3,1.1426726433124177,7.973252721865774e-9,UP Significant
RFC5,1.1497686960503937,8.217951908647678e-9,UP Significant
SGCE,1.7460260624086597,8.429984090845021e-9,UP Significant
PRKAR1A,1.0774855343017418,8.673025561195062e-9,UP Significant
CIC,1.0112202228852194,8.749553487369408e-9,UP Significant
RAVER1,1.1188739212389045,8.920299409961486e-9,UP Significant
TGM3,2.1104221298531316,9.140437320315814e-9,UP Significant
ESPL1,1.323975805678974,9.215055384672801e-9,UP Significant
PON1,-2.9349623189328407,9.283919480005999e-9,DOWN Significant
ACTG2,1.4164103464589188,9.477880106069225e-9,UP Significant
PABIR2,1.1152072903549168,9.57606116660742e-9,UP Significant
SLC19A3,-1.1060633358631762,9.647886347675137e-9,DOWN Significant
TMEM82,-2.1363788764670484,9.787080164341087e-9,DOWN Significant
RASSF3,1.4045405910065707,9.867535930051705e-9,UP Significant
E2F3,1.1696387563409965,9.970411620559764e-9,UP Significant
SEPTIN2,1.0454080904594587,1.0180521097141482e-8,UP Significant
RIDA,-1.8423312904020763,1.0304797594896686e-8,DOWN Significant
ELF3-AS1,1.0945571494975397,1.03656814458102e-8,UP Significant
FAM3B,3.144274245745265,1.0439738856747408e-8,UP Significant
C1QTNF6,1.3002750416151165,1.0458256346045451e-8,UP Significant
RTP4,1.2877606004348927,1.0495171057323892e-8,UP Significant
KIF5B,1.0870466039353301,1.0530789005441948e-8,UP Significant
CSAD,-1.2735697676963955,1.0579045809949818e-8,DOWN Significant
SERPINA11,-2.3126005143206516,1.0787019968399132e-8,DOWN Significant
PAPSS1,1.1405444984881368,1.1022297285965276e-8,UP Significant
RABEPK,1.0628772855411928,1.1041129499313334e-8,UP Significant
SCX,1.1797948066971702,1.108874742241172e-8,UP Significant
ACY3,-1.4563331040939778,1.1169954049376568e-8,DOWN Significant
C7,-3.2399647326142067,1.122815276784964e-8,DOWN Significant
POMK,1.160494784797991,1.1298890532105832e-8,UP Significant
DEAF1,1.0213356844437018,1.1358478287379325e-8,UP Significant
ADH6,-1.5249198866454696,1.1362250636802493e-8,DOWN Significant
VGLL4,1.454220508138989,1.1767831488970781e-8,UP Significant
NPC2,1.1158935909407903,1.1810396404265685e-8,UP Significant
POGLUT2,1.3456075694916676,1.1830723677871244e-8,UP Significant
CCNG2,1.0833014709032494,1.1861590653606185e-8,UP Significant
GLS,1.36283353059972,1.1871498242865733e-8,UP Significant
ONECUT2,1.0474478189962082,1.1932178097663305e-8,UP Significant
BLM,1.1461714401191447,1.2108831574507639e-8,UP Significant
SAMD10,1.0502513938750413,1.3274581464622275e-8,UP Significant
NNMT,-4.009247254601332,1.3313391224371729e-8,DOWN Significant
EXOG,1.1053972769796832,1.3372855361856351e-8,UP Significant
RPS7,1.1473569926989864,1.3512389219863795e-8,UP Significant
MEX3D,1.2805962799375044,1.3646436241463337e-8,UP Significant
SPP2,-2.9855153615965513,1.3694221270138776e-8,DOWN Significant
TRIP10,1.1846169936958477,1.3753709561622676e-8,UP Significant
SEMA3G,1.1637828489574118,1.3767935603006825e-8,UP Significant
SBF1,1.1096251216877229,1.3770407016582206e-8,UP Significant
LYZ,3.1669880020780075,1.3859295552382796e-8,UP Significant
RP11-378A13.2,1.2681839586373602,1.4089632474704692e-8,UP Significant
CIDEB,-1.7302211077766776,1.4111899751122623e-8,DOWN Significant
MTMR2,1.0679634050985998,1.4305726984632964e-8,UP Significant
UTRN,1.1078585810834234,1.4415524152935837e-8,UP Significant
MS4A6A,-1.7180469124336453,1.462478695827357e-8,DOWN Significant
BCHE,-2.435660913897469,1.4790382358106051e-8,DOWN Significant
JARID2,1.0665242334973928,1.4827445094425275e-8,UP Significant
SNHG11,1.1889407690321132,1.4964341562620377e-8,UP Significant
PCK1,-3.6354242581469673,1.5249977107857893e-8,DOWN Significant
ALDH18A1,1.3695193554108793,1.5249977107857893e-8,UP Significant
IFI27L1,1.0384976190095387,1.539880437219755e-8,UP Significant
SH3PXD2A,1.2731095027528796,1.546447673589835e-8,UP Significant
ZNF618,1.010920287029508,1.5810461688006646e-8,UP Significant
UCKL1,1.0690810854659203,1.6184873110676675e-8,UP Significant
SSC4D,1.3936096972477232,1.6277450967920264e-8,UP Significant
RP11-20O24.4,1.0113835097828319,1.6428974157320312e-8,UP Significant
ZNF165,1.0186094358928324,1.6433428206319574e-8,UP Significant
HMGN1,1.309700191868438,1.6505775213019486e-8,UP Significant
TMEM98,1.9917077295189825,1.6664590032686226e-8,UP Significant
TTR,-2.5001771478736323,1.6854213614339274e-8,DOWN Significant
PLEKHG2,1.3977650488922877,1.724112376462975e-8,UP Significant
CDK2,1.1520727169794398,1.7582180083843807e-8,UP Significant
TNFRSF25,1.3560580301077403,1.7763136089152324e-8,UP Significant
ALKAL2,-1.0687422584929671,1.7984798687602706e-8,DOWN Significant
SNHG7,1.388628665737412,1.807579845124973e-8,UP Significant
HSPG2,1.2687164398682969,1.810028303981117e-8,UP Significant
LINC00844,-3.617008747434694,1.8284828519352888e-8,DOWN Significant
CA2,-2.179261700813089,1.864599675720591e-8,DOWN Significant
SQLE,1.7727796394596158,1.871552465262004e-8,UP Significant
C2CD5,1.0277144563769443,1.8860143926829553e-8,UP Significant
CCDC152,-1.1938849335785395,1.9253708934648862e-8,DOWN Significant
BRCA1,1.0603187121842002,1.9265775295128523e-8,UP Significant
LAMA3,1.4099232203306409,1.9637548734765157e-8,UP Significant
RRAGD,1.2095549469918703,1.9654662801608404e-8,UP Significant
GNE,-1.4167795492606516,2.0079189386174978e-8,DOWN Significant
GGT5,-1.7936488127016497,2.008529637885422e-8,DOWN Significant
VSIG4,-1.5307911784436916,2.0174631357616128e-8,DOWN Significant
PCM1,1.0863940999919746,2.0226684027988743e-8,UP Significant
IKBIP,1.1114552590945328,2.0352278505087985e-8,UP Significant
TPD52,1.0984552060589832,2.2402821257452718e-8,UP Significant
TTC39A,1.6915365250180876,2.2581832819159696e-8,UP Significant
NFKBIE,1.0565920351269564,2.303083533224824e-8,UP Significant
C9,-3.9263716273228875,2.3062854516832346e-8,DOWN Significant
RP11-488L18.10,1.0817646143244024,2.389128935196017e-8,UP Significant
H2AC17,1.0535773138662639,2.506102761793818e-8,UP Significant
PXMP2,-1.1468992305831742,2.5656711835456713e-8,DOWN Significant
SLC12A9,1.1518070613346785,2.5710340931653073e-8,UP Significant
LIMK1,1.2720699855250976,2.594516967941423e-8,UP Significant
RP11-134F2.8,1.4312486808777378,2.6344735297393625e-8,UP Significant
KLHDC3,1.6523862981683983,2.6490648916698964e-8,UP Significant
SNX22,1.460218737185019,2.6972979814508804e-8,UP Significant
SLC4A4,-1.4461567098244203,2.6988898386081692e-8,DOWN Significant
TTYH3,1.6512270413553702,2.722574656943543e-8,UP Significant
ABI2,1.1173310279967068,2.7467565947339186e-8,UP Significant
ZNF189,1.16722433909313,2.769825722898869e-8,UP Significant
CHAF1B,1.1341191575825484,2.8029824803323764e-8,UP Significant
NIN,1.136209626205469,2.8258685045971202e-8,UP Significant
HOGA1,-1.6499850590537473,2.829386947778879e-8,DOWN Significant
CLGN,2.0207454753274616,3.015677082977772e-8,UP Significant
IFNGR1,1.1469212550666583,3.1158671951123144e-8,UP Significant
NREP,2.127154260528771,3.1190841990847624e-8,UP Significant
CHD7,1.2429443415488355,3.326831032465893e-8,UP Significant
EIF3E,1.1181930517082552,3.3522578141757634e-8,UP Significant
CUEDC1,1.3101084618303893,3.412985830192481e-8,UP Significant
SNHG6,1.3712438012715458,3.491410790482149e-8,UP Significant
AGXT2,-1.6602571251712295,3.5470059807143845e-8,DOWN Significant
XDH,-1.6835042691341422,3.590750603080975e-8,DOWN Significant
RGS5,1.4573868818463867,3.632040616701617e-8,UP Significant
RCL1,-1.529550208197044,3.708986277255827e-8,DOWN Significant
PLXNA3,1.0803923671451785,3.751661265064545e-8,UP Significant
ELOVL2,1.7564171295676867,3.77768954015278e-8,UP Significant
HSD11B1,-3.6917326461812445,3.8093114720341706e-8,DOWN Significant
PIF1,1.1217413242932706,3.8199542394555515e-8,UP Significant
CSPP1,1.0784198653762147,3.905699939344412e-8,UP Significant
SLC16A3,1.8586639165010856,3.9372731217698533e-8,UP Significant
RAB15,1.4655858490910934,4.1205947752425804e-8,UP Significant
SUMO3,1.0667546517584663,4.210108407607096e-8,UP Significant
RGL3,1.079076805522349,4.2655551419262423e-8,UP Significant
THBS4,2.322890534511946,4.321939572667001e-8,UP Significant
DENND2B,1.0158917686677973,4.355774352665347e-8,UP Significant
TAP1,1.2397139879132215,4.544559060424489e-8,UP Significant
ESAM,1.0196905123341256,4.5459885304889104e-8,UP Significant
MPP7,1.1272421150150018,4.6467143712278864e-8,UP Significant
SLC28A1,-2.040365943859487,4.8953584026226876e-8,DOWN Significant
H2AC20,1.3077598839268292,4.933665925078355e-8,UP Significant
GPAT4,1.0432722025772527,5.1163524635750446e-8,UP Significant
CYP3A4,-5.194615499757783,5.124016164507636e-8,DOWN Significant
TMEM220-AS1,-1.2059344602230775,5.155159579550968e-8,DOWN Significant
ETNPPL,-2.339281132731209,5.246138351854651e-8,DOWN Significant
OGDHL,-1.984061294808766,5.277538920314256e-8,DOWN Significant
COLEC11,-2.225916617091734,5.323673660446201e-8,DOWN Significant
OR2I1P,1.9658400840896078,5.3283763274244866e-8,UP Significant
PRKAB1,1.1217166480069536,5.408112951102448e-8,UP Significant
MYO6,1.0574602839191023,5.768723257665008e-8,UP Significant
CYP4A11,-2.853807483622764,5.796295945046131e-8,DOWN Significant
BMF,1.6121490224608792,5.822986122788299e-8,UP Significant
RP11-284F21.7,1.5091027346813461,5.867970193007945e-8,UP Significant
HSDL1,1.0547782025316683,5.889320348065408e-8,UP Significant
FBLIM1,1.5058837797725437,5.903916014939442e-8,UP Significant
CXADR,1.0897017080048559,6.013580393335285e-8,UP Significant
NECTIN1,1.347025878264703,6.082585852480088e-8,UP Significant
PHYHIPL,1.7361478119047278,6.096319492634434e-8,UP Significant
CHST13,1.3722792774183308,6.130305025761169e-8,UP Significant
RETREG1,-2.001701381925528,6.144325565526689e-8,DOWN Significant
FAM219B,1.01780427500289,6.212670257224433e-8,UP Significant
MTHFD1,-1.2834128038997763,6.247990800151317e-8,DOWN Significant
SEMA6B,1.1578232226355811,6.440335561483384e-8,UP Significant
SRF,1.1612407735069818,6.638149324412709e-8,UP Significant
PUDP,1.0082187023190885,6.700932854305626e-8,UP Significant
RP11-543P15.1,1.3818454234354456,6.741958544932125e-8,UP Significant
ST6GALNAC4,1.1075132320742742,6.928337746627493e-8,UP Significant
CHKA,1.1950630402461178,6.962850466360243e-8,UP Significant
RPL7L1,1.436250696094235,7.100655086911437e-8,UP Significant
CA12,1.4262447020875797,7.150800900948165e-8,UP Significant
LINC01702,-2.1447860508345564,7.291368729397082e-8,DOWN Significant
EIF4EBP2,1.085433836388995,7.338482518324005e-8,UP Significant
LRRC61,1.117695594328341,7.39270708573694e-8,UP Significant
NDRG1,1.5691956508374387,7.415139947447872e-8,UP Significant
GPX7,1.8440682374822877,7.448742034201339e-8,UP Significant
TDO2,-2.538306488774629,7.513398899288092e-8,DOWN Significant
EPHB4,1.3814418014858623,7.604041637976043e-8,UP Significant
ABCC4,1.0427994090915549,7.685012204757138e-8,UP Significant
CABYR,1.4519934099808844,7.812497232464619e-8,UP Significant
SUPT3H,1.1922231621230468,8.049286595258878e-8,UP Significant
DGKD,1.042638658309664,8.057886320732954e-8,UP Significant
NQO1,3.098122675425543,8.311559042666923e-8,UP Significant
RBP7,1.478067035096036,8.39151115991142e-8,UP Significant
RGS12,1.5763237661867118,8.454784395089888e-8,UP Significant
KNTC1,1.968268904147059,8.497073575832671e-8,UP Significant
TPCN1,1.0863839457725053,8.851888304073072e-8,UP Significant
HSF4,1.0712292968791275,8.972325750601814e-8,UP Significant
ABAT,-1.5188183276186678,9.004023367449049e-8,DOWN Significant
STC1,1.3694583801416758,9.080470875382244e-8,UP Significant
SNHG12,1.2614582671278294,9.476403135789444e-8,UP Significant
CCL20,3.002113473725397,9.482789747333878e-8,UP Significant
PDGFRB,1.5833118414548377,9.484355033761986e-8,UP Significant
IPO5,1.1682429650815527,9.48662112206558e-8,UP Significant
TSNARE1,1.098874196957747,9.602658078725435e-8,UP Significant
PRKCD,1.1328588456069588,9.86313482199122e-8,UP Significant
HKDC1,1.7618980734794083,9.880286693313098e-8,UP Significant
FADS1,1.7328895032542753,9.906570535175143e-8,UP Significant
ZNF595,1.1812184428398087,1.001162378870145e-7,UP Significant
LINC00205,1.1533308738994532,1.0080457857022524e-7,UP Significant
CD14,-1.7331017869323846,1.0148649593288874e-7,DOWN Significant
ABRACL,-1.8266482934458832,1.0185140143489366e-7,DOWN Significant
PLXND1,1.4105192337904002,1.0200484474856224e-7,UP Significant
CNPY4,1.1409063602620473,1.0263631407877821e-7,UP Significant
UGDH,1.0129004437802083,1.0404388448052e-7,UP Significant
BMS1P8,2.1581388752748674,1.0591319007913292e-7,UP Significant
SDS,-4.677401713773266,1.0619956497190508e-7,DOWN Significant
NAPSB,-1.3075973677070252,1.0643303082345107e-7,DOWN Significant
PXK,1.098460246281103,1.0663129923699473e-7,UP Significant
EHHADH,-1.6217683064544506,1.0702642594970099e-7,DOWN Significant
AGRN,1.1929697988369012,1.0825451294279482e-7,UP Significant
SLC27A5,-2.0257246777627804,1.1213517317853722e-7,DOWN Significant
ZNF84,1.0281121457265872,1.1313753977560295e-7,UP Significant
GOLGA2P10,1.002567434888149,1.1393549428039306e-7,UP Significant
RPL36A-HNRNPH2,1.304860017430543,1.1854667616634066e-7,UP Significant
FXYD1,-2.485519670832752,1.2174125447468242e-7,DOWN Significant
ANGPT2,1.005245929322447,1.218293166286256e-7,UP Significant
SREBF2,1.2043848096089618,1.2228576089478982e-7,UP Significant
CSRP2,1.1294129994901194,1.225949310959944e-7,UP Significant
FIGNL2,1.0415677076655956,1.2388929218670865e-7,UP Significant
TAT,-3.9158503766672723,1.2613688409273996e-7,DOWN Significant
CFI,-1.0424054014665964,1.282348963655356e-7,DOWN Significant
RPLP0P6,1.1164286918695212,1.2998346032197245e-7,UP Significant
E2F5,1.3271956239506575,1.3360445171159508e-7,UP Significant
PLEKHH1,1.0012366195103033,1.3646277098246828e-7,UP Significant
CRYZL2P,1.1243413685764923,1.3740640371178202e-7,UP Significant
IL1RAP,-1.46160268386092,1.3789158250738522e-7,DOWN Significant
ADORA2BP1,-1.1162863919516375,1.3826661965265426e-7,DOWN Significant
ST3GAL6,-1.4615011131529827,1.409269725867005e-7,DOWN Significant
SERPINI1,2.2626560925433212,1.4249727533536255e-7,UP Significant
GAS5,1.802932402949132,1.446908088209908e-7,UP Significant
RP1-152L7.5,1.0549632249029448,1.450958361131817e-7,UP Significant
ATN1,1.0964598147547893,1.4660919910861164e-7,UP Significant
CTD-2267D19.3,1.0027487006627955,1.479867505977438e-7,UP Significant
WDR6,1.0400107544787898,1.5166927708042176e-7,UP Significant
AKR1B10,4.215357898142895,1.5340019191249082e-7,UP Significant
EXOSC8,1.0016521793059945,1.5783609788299761e-7,UP Significant
IFNGR2,1.1898258165066173,1.5855759782425594e-7,UP Significant
SAA4,-2.574573978598795,1.6069250790558146e-7,DOWN Significant
FKBP1B,1.5711837288713228,1.6494735287626724e-7,UP Significant
CRIP3,1.825084362225194,1.696080634216001e-7,UP Significant
RP11-284F21.10,1.6286793632504766,1.7424974229949942e-7,UP Significant
GDAP1,1.2211040656209988,1.7475988159465072e-7,UP Significant
NFKB2,1.0172909481340682,1.7509247170084502e-7,UP Significant
ADAM9,1.0318977609005904,1.7656447315007215e-7,UP Significant
CYP4F2,-2.5148836516267177,1.767837355081518e-7,DOWN Significant
KIZ,1.4092045627726184,1.7724361443302217e-7,UP Significant
RP11-486A14.1,1.0724175781880538,1.7742198408128264e-7,UP Significant
NPM3,1.4357324394147315,1.7742198408128264e-7,UP Significant
C6,-2.3591281369191606,1.7830287134023038e-7,DOWN Significant
LRATD2,1.1609445138537704,1.825183009470422e-7,UP Significant
RP3-337H4.9,1.0421350906918851,1.9011252933733152e-7,UP Significant
SPTSSA,1.0425602090405635,1.9055103329358666e-7,UP Significant
LINC00680,1.363933759481796,1.9686004777743936e-7,UP Significant
MBL2,-2.0657913297685724,2.0171034552831304e-7,DOWN Significant
SPINK1,5.244809646360034,2.0509385501193964e-7,UP Significant
ULK4,1.0799368729349976,2.0910046036043686e-7,UP Significant
SLC6A13,-1.3591630922308664,2.1059209837956888e-7,DOWN Significant
BICDL1,1.5746379083803412,2.1059209837956888e-7,UP Significant
PLGLB1,-2.295620410781056,2.1223944011918916e-7,DOWN Significant
ONECUT1,1.1153887290240017,2.1594309005892985e-7,UP Significant
CAT,-1.1686874490756258,2.209798281215998e-7,DOWN Significant
PMF1-BGLAP,1.0476295983814838,2.2608825378809404e-7,UP Significant
PLXNA1,1.2719667006125182,2.3108495505345546e-7,UP Significant
CDC25A,1.1114432727698715,2.4006541456166135e-7,UP Significant
NAMPT,-1.3981885933319855,2.433967614472198e-7,DOWN Significant
NDUFAF6,1.104090313342068,2.438092641663221e-7,UP Significant
SOX12,1.3862533766000413,2.4439953287468756e-07,UP Significant
LINC01831,-1.9294730080300164,2.5363216031218413e-7,DOWN Significant
STAMBPL1,1.20644481687262,2.7089288689797594e-7,UP Significant
P2RX4,1.321709695862105,2.8086788559537464e-7,UP Significant
USP11,1.023573095738774,3.02383809755575e-7,UP Significant
DUSP9,2.985582939271957,3.044510192025365e-7,UP Significant
ALDH8A1,-1.8626914328729915,3.068295583790206e-7,DOWN Significant
MCF2L,1.0205428584072656,3.091409344269436e-7,UP Significant
bP-21264C1.2,1.2869967361548211,3.1662424425508315e-7,UP Significant
MFAP3L,-1.3351900070697782,3.1720104395428376e-7,DOWN Significant
RNF43,1.8384150105510368,3.211523605324196e-7,UP Significant
MMP11,1.9984299711808913,3.2443888858760444e-7,UP Significant
F11,-1.4998383852120396,3.297614612835938e-7,DOWN Significant
LZTS2,1.3964066354063838,3.397044892110199e-7,UP Significant
C1orf162,-1.2354354699494743,3.4123118501373983e-7,DOWN Significant
PPA1,1.0978838332497256,3.412551138612801e-7,UP Significant
NUCB2,1.1913186219053662,3.5516410796715686e-7,UP Significant
SHBG,-2.1120404258914993,3.6862016548359037e-7,DOWN Significant
TEAD2,1.5992761154631332,3.8268650257897975e-7,UP Significant
CTD-2515O10.6,1.1966736160493474,3.8839951200381894e-7,UP Significant
ATP1B1,1.1463307477780393,3.9112748723006497e-7,UP Significant
MTSS2,1.2026295313001705,4.1513604980465807e-7,UP Significant
MTMR11,1.5785959680855663,4.3285425026699545e-7,UP Significant
AP001505.10,1.0673636933682664,4.392543863819058e-7,UP Significant
SLC44A3,1.2031569673162046,4.4048942240958545e-7,UP Significant
FPR1,-1.0517681896014508,4.4203009958644933e-7,DOWN Significant
SOX4,1.888547357984216,4.626217475187025e-7,UP Significant
NR1I2,-2.1587815157794257,4.674360674987798e-7,DOWN Significant
LINC01089,1.0010720127410733,4.6859082967874283e-7,UP Significant
RBM24,1.1133337749679924,4.724859516075886e-7,UP Significant
RP11-96C13.1,1.3322059660246066,4.911547594871729e-7,UP Significant
SCP2,-1.0931463363952911,4.959190243849217e-7,DOWN Significant
MPZL2,1.0338820306017782,4.98865338452139e-7,UP Significant
FZD6,1.1369553737317661,5.052072934502129e-7,UP Significant
ZNF320,1.3343168877207534,5.137505981628567e-7,UP Significant
KCNK5,-1.61981324515824,5.157619097643632e-7,DOWN Significant
SHMT1,-1.4107002696010431,5.29392798981433e-7,DOWN Significant
ALS2CL,1.0360040829904058,5.326719561235045e-7,UP Significant
GBP7,-2.012357265309753,5.332597870781794e-7,DOWN Significant
BSG-AS1,1.2263685474347463,5.509278999832709e-7,UP Significant
FANCE,1.0781272890948301,5.532702944581675e-7,UP Significant
ADRA1A,-2.0033086334679906,5.731428021585437e-7,DOWN Significant
GSTA2,-2.793764826240258,5.736783499995238e-7,DOWN Significant
TOX3,1.196231544936951,5.798158060293044e-7,UP Significant
LGALS3,1.9246824306254324,5.833218894978471e-7,UP Significant
CCDC28B,1.7769123923189243,5.833218894978471e-7,UP Significant
SMAGP,1.2423353103325008,5.89391387446192e-7,UP Significant
PEX6,1.5023858329121627,5.955038903533047e-7,UP Significant
RP11-1055B8.1,1.2508352574209194,6.027725274335832e-7,UP Significant
GRHPR,-1.2143474644750167,6.092321001445762e-7,DOWN Significant
IGF2BP1,1.8857167886671289,6.242089078596475e-7,UP Significant
KDM5B,1.289467611829737,6.474589282102842e-7,UP Significant
FAH,-1.0695001083278681,6.550225593451887e-7,DOWN Significant
SERPINA4,-1.4459688207241355,6.605321112120439e-7,DOWN Significant
ST8SIA6-AS1,2.0772625737603603,6.984146766459495e-7,UP Significant
ZFAS1,1.3754084702175176,7.028224064755153e-7,UP Significant
SARDH,-1.2819876542978292,7.035349923694525e-7,DOWN Significant
PDGFRA,-1.2947229067300816,7.181802401750774e-7,DOWN Significant
SFI1,1.025797799917444,7.216343494021629e-7,UP Significant
NIPAL2,1.2946142083803103,7.249989126064569e-7,UP Significant
H2BC11,1.130249331891351,7.35471999262435e-7,UP Significant
CDC7,1.1805118434767015,7.442451351513178e-7,UP Significant
ALPL,-1.7121023234016755,7.510652167291224e-7,DOWN Significant
FKBP11,1.174196219394827,7.558782279644736e-7,UP Significant
GPRIN1,1.0638263247810964,7.69468621016865e-7,UP Significant
CELSR3,1.1966131192275906,7.820252317728146e-7,UP Significant
HOOK3,1.0617947186727112,7.8651157259516e-7,UP Significant
KHDRBS3,1.055182223818762,7.870360001013965e-7,UP Significant
GRB7,1.2385616378778517,7.917634223088654e-7,UP Significant
GPR160,1.465943581408872,7.926539253752959e-7,UP Significant
STAT1,1.248108565001191,8.073091794620971e-7,UP Significant
RABL6,1.097216563735266,8.090311070228109e-7,UP Significant
ELOVL6,-1.2093781757320068,8.180488914181764e-7,DOWN Significant
HRCT1,1.4481915624896913,8.29683936686238e-7,UP Significant
LBX2,1.1722903515314325,8.457421209660237e-7,UP Significant
TP53,1.2847621580558064,8.647872396581828e-7,UP Significant
P4HA1,1.4659596355557794,8.694832982758574e-7,UP Significant
NPAS2,1.2523289727569733,9.084120182732243e-7,UP Significant
ACYP1,1.0135718326666676,9.151339241369096e-7,UP Significant
NPSR1-AS1,1.0273993230296672,9.27241421262037e-7,UP Significant
PXYLP1,1.1388148590306753,9.68670081668321e-7,UP Significant
LPCAT1,1.3487655628925879,9.689246855746464e-7,UP Significant
MAP2,1.5388268235938425,9.745601797687601e-7,UP Significant
ARL6IP6,1.2086007067559688,1.0107360631565626e-6,UP Significant
SCG5,-1.0340514401092358,1.020189869114696e-6,DOWN Significant
PRKAA2,1.055982847523436,1.02157767553054e-6,UP Significant
PTDSS2,1.0799134602064113,1.0546507173267208e-6,UP Significant
STX3,1.1223078161340883,1.0626596794243406e-6,UP Significant
AC007405.6,1.0364747913800416,1.0760292858202303e-6,UP Significant
H2BC21,1.0313054180406502,1.089141842801353e-6,UP Significant
ALDH6A1,-1.37170911836321,1.0980467894271872e-6,DOWN Significant
CSKMT,1.1818927711459009,1.1105127874943425e-6,UP Significant
PCK2,-1.2996114265813787,1.120950561675848e-6,DOWN Significant
MYO15B,1.0326747745152085,1.1738986895910495e-6,UP Significant
PLA2G4C,1.159884346090828,1.1882053528614603e-6,UP Significant
MYRF,1.2405185745686325,1.1902459327043462e-6,UP Significant
ZFAT,1.2786781702329812,1.1951600311374391e-6,UP Significant
SMOX,1.374323391251126,1.2009871529830107e-6,UP Significant
MAD2L1BP,1.3998412773299327,1.2338713346785822e-6,UP Significant
SLC25A6,1.1238072123484049,1.2491224102169038e-6,UP Significant
HTATIP2,1.0687962305125076,1.250629990685554e-6,UP Significant
A1BG,-1.6958095515473426,1.2740750232578774e-6,DOWN Significant
ANKRD29,1.0755918935570232,1.303903105929576e-6,UP Significant
MASP1,-1.1639492154189295,1.306395370812075e-6,DOWN Significant
SULT1A3,1.0437861900496075,1.3095934049400835e-6,UP Significant
ZNF28,1.3718088782936055,1.3164721102668305e-6,UP Significant
FBLN7,1.1735848370625486,1.3276052759672853e-6,UP Significant
LINC01018,-2.642559176114849,1.3503108278141198e-6,DOWN Significant
PHGDH,-1.9578398116685802,1.3869180350254238e-6,DOWN Significant
PPT1,1.0429457872116594,1.3935959427818715e-6,UP Significant
NRG1,-1.2515632589817043,1.4040160586647598e-6,DOWN Significant
CLEC14A,1.0428598171338792,1.438030191951046e-6,UP Significant
TES,1.0907591146178244,1.4420478775180333e-6,UP Significant
ACOX2,-1.0743184307208438,1.4975144239527846e-6,DOWN Significant
MFSD10,1.3961008116091111,1.5452277853808348e-6,UP Significant
KHK,-1.0578738817026814,1.5580764009607796e-6,DOWN Significant
TPM2,1.2938124443139292,1.5618243587999158e-6,UP Significant
SPRING1,1.171182181112532,1.574511408977382e-6,UP Significant
ACSL1,-1.6610044432370348,1.5815075382472543e-6,DOWN Significant
RP13-122B23.13,1.0147565703701802,1.6248940004712493e-6,UP Significant
SULT1A2,-1.1592416879679002,1.6333287473182554e-6,DOWN Significant
INPPL1,1.080206055511396,1.6639256044990034e-6,UP Significant
CRNDE,1.4486489104231597,1.668562106622012e-6,UP Significant
PDGFA,1.4494868547771385,1.6765197014541553e-6,UP Significant
NXPH4,1.615664682485611,1.7006615786869628e-6,UP Significant
B3GALNT1,1.0569573038116697,1.7307106373474958e-6,UP Significant
FLVCR1-DT,1.1177549466686352,1.8370824064203148e-6,UP Significant
LRRC1,1.4597430194965542,1.8581674342215096e-6,UP Significant
FTCD,-2.2736191793758342,1.940606381927259e-6,DOWN Significant
CFHR4,-1.6986847103954124,1.945149721181723e-6,DOWN Significant
ADH1C,-3.447144186931788,1.957115965015657e-6,DOWN Significant
SEPTIN5,1.3043038906936286,1.959339211394354e-6,UP Significant
HES4,1.3057300176062872,1.9605459874833528e-6,UP Significant
ADH1B,-3.0243191481404326,1.961535833303947e-6,DOWN Significant
SSUH2,1.6173792685054043,2.0775094020275942e-6,UP Significant
CLYBL,-1.0624546758561717,2.1289204986099142e-6,DOWN Significant
SLC41A1,1.3308127302182358,2.1336473048682484e-6,UP Significant
EVA1B,1.0736691401667136,2.1452557228746747e-6,UP Significant
DUSP1,-1.2150035292303416,2.1673467219907795e-6,DOWN Significant
LAPTM4B,1.9635785453742973,2.1928841544291354e-6,UP Significant
DERPC,1.2134298884725965,2.198973572163961e-6,UP Significant
TMEM45B,1.7410470321202394,2.2095608461902216e-6,UP Significant
RBP5,-1.2585985383840548,2.2307885697257787e-6,DOWN Significant
PGLYRP2,-2.627789398928111,2.2371441258444017e-6,DOWN Significant
USP27X,1.123686738835664,2.2919341311263784e-6,UP Significant
SLC46A3,-1.8263514828653564,2.3501906460712026e-6,DOWN Significant
RHOF,1.1967558125494624,2.4188661450063122e-6,UP Significant
RP6-65G23.3,1.014632482128042,2.5391811859791176e-6,UP Significant
EPPK1,1.603905203272779,2.580162280536139e-6,UP Significant
CYP2B7P,-2.4302490097604794,2.6178568222885683e-6,DOWN Significant
MOGAT3,1.154729714906003,2.6610608928623556e-6,UP Significant
MCTP1,1.3114564863297689,2.7000308881029067e-6,UP Significant
MRPS18A,1.3170110804351216,2.73546102735512e-6,UP Significant
BHMT,-2.6832024085605246,2.7566746267993864e-6,DOWN Significant
DAO,-1.9156769789786625,2.7918984726525096e-6,DOWN Significant
EMILIN2,1.3680958721244316,2.793031752846721e-6,UP Significant
ADAMTSL2,-1.546862512779632,2.8015637696307674e-6,DOWN Significant
CLSTN1,1.3358932555841068,2.87335116158845e-6,UP Significant
EXT1,1.0050769028879643,2.9312966449720558e-6,UP Significant
HP,-2.9967640571294467,2.9834655477214433e-6,DOWN Significant
CYP2C18,-1.8068414300742273,3.0361297287105546e-6,DOWN Significant
QSOX2,1.0191881307751904,3.1760008631019557e-6,UP Significant
LINC02163,1.067831786244752,3.2135777476985365e-6,UP Significant
LINC02575,1.1133456776142765,3.2458795845617948e-6,UP Significant
RN7SL3,1.927707369971675,3.3919881003286085e-6,UP Significant
CBX5,1.0936158611198215,3.3948398625594585e-6,UP Significant
HAO1,-2.0463924605630845,3.405440020872882e-6,DOWN Significant
LEF1,1.5755612440537934,3.4616010849025442e-6,UP Significant
LY6E,-2.3994460085592806,3.464032610353766e-6,DOWN Significant
MARCKS,1.5762860923104638,3.46772087951716e-6,UP Significant
NPNT,1.7918657727063763,3.469675499001549e-6,UP Significant
LNCAROD,1.432065564194489,3.4767147619982027e-6,UP Significant
COLCA2,1.1742449628013258,3.4929055111414615e-6,UP Significant
DANCR,1.092579333960133,3.6114573176706334e-6,UP Significant
TBX3,1.6438283046484097,3.6471132192086077e-6,UP Significant
PROZ,-1.5493240247543603,3.656048214683831e-6,DOWN Significant
RP11-116D2.1,-1.3544988883473144,3.900161980612518e-6,DOWN Significant
CCDC71L,-1.085588021301489,3.9795229596712505e-6,DOWN Significant
RPL41P2,1.25230377832309,4.013374599486413e-6,UP Significant
RP11-545E17.3,1.1276957383201407,4.155109316766316e-6,UP Significant
JAG1,1.2444395818865408,4.1620547061144945e-06,UP Significant
AIF1L,1.3053411601168854,4.363709994033879e-6,UP Significant
SLC39A10,1.0999498149875375,4.415320669038844e-6,UP Significant
TPM1,1.0599268922420144,4.437348183299007e-6,UP Significant
THBS1,-1.4364852526371092,4.56414093259796e-6,DOWN Significant
CCL18,1.2323194242771005,4.6733316087204245e-6,UP Significant
CDCA7L,1.1547401211065365,4.674455737116349e-6,UP Significant
SNRPEP4,1.1104995759168776,4.7276375929680895e-6,UP Significant
BASP1,-1.0296839795700063,4.835238788887875e-6,DOWN Significant
H2AC6,1.1715095886305518,4.933202616853361e-6,UP Significant
TRIM71,1.3923758429550765,4.969029199472401e-6,UP Significant
SAMHD1,1.0089808639886741,5.123543577985563e-6,UP Significant
PYROXD2,-1.1117856866622366,5.174217544565681e-6,DOWN Significant
RPLP1,1.0315150986667039,5.18122982638909e-6,UP Significant
RAB3D,1.0071946476647542,5.193061474601718e-6,UP Significant
KAZALD1,1.1215568686537445,5.226036988391044e-6,UP Significant
RTL8C,1.211986701592636,5.284880740147522e-6,UP Significant
CPE,1.4638023256388553,5.343745611171061e-6,UP Significant
CCDC3,-1.0871997680413061,5.387294478741776e-6,DOWN Significant
FNDC5,-1.943290676569665,5.388857346252711e-6,DOWN Significant
EGR1,-1.6871324789777598,5.544856846290961e-6,DOWN Significant
DKK3,1.0905722731078589,5.697805406122877e-6,UP Significant
POLH,1.124989479778734,5.792850922118793e-6,UP Significant
RDH10,1.0072848536116399,5.807303026589352e-6,UP Significant
CD163L1,1.2857798815136747,5.885144567150235e-6,UP Significant
KLHDC8B,1.2468591816360508,5.9436683453226e-6,UP Significant
IKBKE,1.075903767081095,5.9848886422468705e-6,UP Significant
LINC02365,1.1140566792321125,6.1192862667429326e-6,UP Significant
DLK2,1.0156726800464135,6.124758766148521e-6,UP Significant
SCPEP1,1.0145066804776044,6.132084056728401e-6,UP Significant
ADGRA3,-1.0151570410931217,6.139369071349638e-6,DOWN Significant
PCED1A,1.0457723226326725,6.194448779439249e-6,UP Significant
CDC37L1-DT,-1.2358730861368543,6.203598485963825e-6,DOWN Significant
ACSM5,-2.067817812776062,6.2509472181999825e-6,DOWN Significant
UNC119,1.2235155513580662,6.319830139432275e-6,UP Significant
MSI1,1.5225030279670848,6.427032161865664e-6,UP Significant
KCTD17,1.4838695602339873,6.558915924191264e-6,UP Significant
LINC02882,1.7350410970485304,6.608738206899474e-6,UP Significant
ACSS1,1.224031121700127,6.622893281633081e-6,UP Significant
BIRC3,1.3977556942409233,6.77586560729632e-6,UP Significant
MYL6B,1.271707195386735,6.902922295018866e-6,UP Significant
TLX1,1.1266595643955755,7.104638481424316e-6,UP Significant
SIPA1L2,1.301225540364513,7.10474048480083e-6,UP Significant
PLGLB2,-2.605744158063188,7.161263846986581e-6,DOWN Significant
HOXA-AS2,1.1855339103705105,7.764163639258511e-6,UP Significant
RPL39L,1.9870395262696603,7.822721456978722e-6,UP Significant
CD81,-1.4206323647363055,7.854138137332275e-6,DOWN Significant
TREH,-1.2683178863184539,7.856198015569356e-6,DOWN Significant
DDAH2,1.001685239079796,7.903175406140044e-6,UP Significant
SINHCAF,1.1837683697227008,7.94964670060113e-6,UP Significant
LSP1P5,1.4758342910435422,8.096688302812031e-6,UP Significant
SPAG4,1.3637362320379056,8.25982797161465e-6,UP Significant
ZNF232-AS1,1.0836890740053369,8.343570682892293e-6,UP Significant
ALB,-2.625175058374243,8.683124865851065e-6,DOWN Significant
MT1P3,-1.1716556798796787,8.750718803218908e-6,DOWN Significant
TTC9,1.3045201080398483,8.908905301649584e-6,UP Significant
DBNDD1,1.4688283436458545,8.92581238842417e-6,UP Significant
BLVRA,1.322956893455871,9.16483899854182e-6,UP Significant
ATP8B2,1.1356602009343288,9.276916432826827e-6,UP Significant
NAT14,1.2594173598715095,9.276916432826827e-6,UP Significant
C20orf204,1.584322169549057,9.662850203717121e-6,UP Significant
UPB1,-1.9845639767808247,1.0394797073940341e-5,DOWN Significant
RP11-434D9.1,-2.0472440942962176,1.0603047331702978e-5,DOWN Significant
ZNF496,1.2810922533402989,1.073886356063911e-5,UP Significant
FAM241B,1.1750537512307622,1.0937825447557289e-5,UP Significant
NRCAM,1.2554206697669863,1.0949593485484927e-5,UP Significant
TRPM8,-1.5147622224991553,1.1018071593344626e-5,DOWN Significant
ADH1A,-2.288030910296018,1.1063944581750864e-5,DOWN Significant
IYD,-1.452686269097686,1.1088785039708236e-5,DOWN Significant
DBN1,1.6857186890486424,1.1101646419420105e-5,UP Significant
TMEM132A,1.654706254949872,1.1251091479375383e-5,UP Significant
PSIP1,1.0214842268913875,1.1706501325866234e-5,UP Significant
SNX7,1.1358576530294062,1.195173605893308e-5,UP Significant
PDGFRL,1.07141911616446,1.2361682623158986e-5,UP Significant
AC004862.6,-1.4768538925733088,1.2517326634516535e-5,DOWN Significant
LCN2,2.2419380778098663,1.2555369445318843e-5,UP Significant
LDHD,-1.572538450308258,1.2739581617078937e-5,DOWN Significant
PTGDR2,1.283470335965784,1.2900119455338259e-5,UP Significant
ARHGEF2,1.4565445910226964,1.2979333218820664e-5,UP Significant
RP11-285F7.2,1.0071788886698343,1.3219283592512055e-5,UP Significant
RP11-476K15.1,1.0875141407844695,1.3333899370131585e-5,UP Significant
PITPNA-AS1,1.0596420682021512,1.3398663369105477e-5,UP Significant
AVPR1A,-1.6703709145914423,1.3441539817328608e-5,DOWN Significant
PHYH,-1.0183182419276857,1.3739724527083203e-5,DOWN Significant
SIAH2,1.003824535453468,1.3895864322156281e-5,UP Significant
HMGN5,-1.0096265148675454,1.4013365481399652e-5,DOWN Significant
ALPK3,1.2080673931219326,1.4026352834571756e-5,UP Significant
MAPK8IP2,1.0211516571700356,1.40694930521983e-5,UP Significant
IL33,-1.268570553796253,1.4146711477341655e-5,DOWN Significant
SLC1A3,1.1542608902346883,1.4153522184355765e-5,UP Significant
TDGF1,1.3524328069058016,1.4784229451985996e-5,UP Significant
FASN,1.2723446636637172,1.479792030319553e-5,UP Significant
CYP8B1,-2.707281648818017,1.4924454427571064e-5,DOWN Significant
MAMDC4,-1.0526944577657265,1.4972856697262704e-5,DOWN Significant
ECHDC2,-1.0379926118976934,1.4976221236506684e-5,DOWN Significant
SEMA3B,1.4476129900358081,1.5000400666571234e-5,UP Significant
IRF8,-1.15871754985896,1.5025167685560273e-5,DOWN Significant
ENPEP,-1.0160806943124325,1.5211929753291255e-5,DOWN Significant
C11orf96,-1.3369885962855204,1.5286800519473927e-5,DOWN Significant
ADAMDEC1,1.064467245400614,1.5492915094411796e-5,UP Significant
CIB2,1.2106107486252051,1.555681720169398e-5,UP Significant
ADHFE1,-1.0039570436837142,1.5722379277708215e-5,DOWN Significant
LDB1,1.066543702614657,1.5725912270122297e-5,UP Significant
SIGIRR,-1.431496890538737,1.612124573584325e-5,DOWN Significant
ACAT1,-1.1142379194549337,1.6233070938470442e-5,DOWN Significant
CYB561,1.1619591184649725,1.6250986725447316e-5,UP Significant
PABPC1L,1.1554150530899525,1.6438548411830563e-5,UP Significant
CTB-58E17.10,1.1507711216392444,1.65251017929653e-5,UP Significant
ENSG00000277005,1.1507711216392444,1.65251017929653e-5,UP Significant
VEGFA,1.0001070964179144,1.6547410348095522e-5,UP Significant
SPHK1,1.7190203625075522,1.6577596226658584e-5,UP Significant
HEPN1,-1.7769990390895707,1.6602851665581708e-5,DOWN Significant
RPS23P8,1.0867448152245007,1.699823774950769e-5,UP Significant
SLC51B,1.41051017516808,1.725691713857244e-5,UP Significant
ISX,1.3990383744633166,1.7491628774260488e-5,UP Significant
BAIAP2L2,1.4889770461989456,1.7546730075989533e-5,UP Significant
EEF1A2,2.336969466709408,1.8646795666786195e-5,UP Significant
ACOT12,-1.5074411493326756,1.879377036030658e-5,DOWN Significant
NPB,1.9980150212883585,1.8858718338852165e-5,UP Significant
NMRAL2P,1.0033407889230581,1.9186495653856285e-5,UP Significant
PFKFB1,-1.242715562187473,1.997413570550697e-5,DOWN Significant
RP11-274N19.4,2.0499577235378785,2.0212094394648015e-5,UP Significant
CAMK2N2,1.0520538622021145,2.037039960472323e-5,UP Significant
SELENOP,-1.1563915757895735,2.038757665275535e-5,DOWN Significant
ICA1,1.0917219728698648,2.0412085579599295e-5,UP Significant
SLX1B,1.0007791293541737,2.0704314067869846e-5,UP Significant
IL17D,1.051933285094687,2.0898379886442225e-5,UP Significant
KLB,1.2976492750572879,2.097573245663627e-5,UP Significant
DCXR,-1.6930170101831674,2.1622487493674765e-5,DOWN Significant
PKM,1.6517587431947147,2.215949341368325e-5,UP Significant
LTBP2,1.0927454089296922,2.2176470093342114e-5,UP Significant
PCGF2,1.222490173294054,2.223810387092733e-5,UP Significant
TMEM198,1.0847615487487738,2.253314291884445e-5,UP Significant
FAP,1.042735405151414,2.258659554581718e-5,UP Significant
FABP4,1.3346201596452227,2.2604057313872485e-5,UP Significant
ABCA8,-1.1079939645479322,2.2605315336803325e-5,DOWN Significant
HOXA3,1.0316537158060521,2.2625203369419196e-5,UP Significant
MS4A7,-1.124374036029673,2.2838203466743962e-5,DOWN Significant
NAT8,-1.5949820166343849,2.3143910279040843e-5,DOWN Significant
S100P,1.9797795353529923,2.3344012215793432e-5,UP Significant
STEAP2,1.0678896697101794,2.3577334247578334e-5,UP Significant
C15orf48,1.4477170279218345,2.3828385696077527e-5,UP Significant
COL7A1,1.233986722090457,2.382990349926904e-5,UP Significant
TNFAIP8,1.1785593730274615,2.4331919527437857e-5,UP Significant
ZNF532,1.0143907299756854,2.4432947577635273e-5,UP Significant
GPNMB,1.1891153090027426,2.4442562940128297e-5,UP Significant
PLG,-2.02119753368895,2.5089751175387632e-5,DOWN Significant
HID1,1.0628738192139293,2.51015161686353e-5,UP Significant
PFKFB3,-1.4239188196477714,2.5413116623950296e-5,DOWN Significant
PGC,3.207728363109553,2.5621786984341905e-5,UP Significant
PKN1,1.2572322721573292,2.5834392489738732e-5,UP Significant
CYP2C9,-3.126784285559747,2.6774224939456182e-5,DOWN Significant
USP43,-1.1035120279686224,2.6972802980753614e-5,DOWN Significant
LINC01234,1.3200567128705216,2.7852405453284184e-5,UP Significant
HPX,-2.20903508877549,2.9029304838223077e-5,DOWN Significant
LOXL4,1.7149389627202596,2.9581625442183887e-5,UP Significant
CEBPA,1.5624604319584536,2.9894812019750027e-5,UP Significant
ITGB4,1.0250258414749083,3.011654265886928e-5,UP Significant
MEX3A,1.2358788710713713,3.0434017046292296e-5,UP Significant
ID1,-1.6494588752256867,3.0727483354188243e-5,DOWN Significant
PIMREG,1.1541822116662075,3.095495503717316e-5,UP Significant
LYPD1,1.44187793104342,3.107254700861162e-5,UP Significant
HSD17B6,-2.0282204540419038,3.119787934590553e-5,DOWN Significant
CEBPA-DT,1.0100469050655831,3.237129875380898e-5,UP Significant
UGT1A4,-2.8572956066439854,3.239291052347508e-5,DOWN Significant
DBNDD2,1.3231358286286974,3.277073037966106e-5,UP Significant
CXCL11,1.0460577306341152,3.305759780888466e-5,UP Significant
SHISA4,1.2644682291285456,3.533463949836033e-5,UP Significant
SSX1,1.8165965147266847,3.610359966372163e-5,UP Significant
MAPK13,1.5830221990079276,3.712201367429081e-5,UP Significant
AR,-1.2222803820574204,3.763327066121802e-5,DOWN Significant
SP5,1.3438206295090958,3.8432601896990345e-5,UP Significant
PDK4,-2.124198991323035,3.886415718612297e-5,DOWN Significant
PLIN1,-1.2384201966148938,3.923419869098021e-5,DOWN Significant
WNK4,1.3679307538759402,3.947436520984737e-5,UP Significant
CENPV,1.105065651898705,3.9501400061271166e-5,UP Significant
ALDOB,-2.5297438637628247,3.986543384255523e-5,DOWN Significant
BCAM,1.622416107784403,4.0338134295680885e-5,UP Significant
TMEM91,1.0268198886869007,4.315093518239908e-5,UP Significant
MPPED1,-1.1974476517492816,4.340290195800691e-5,DOWN Significant
AQP9,-2.312257366162603,4.349467184614572e-5,DOWN Significant
HBA1,-1.550586673688311,4.360902755140806e-5,DOWN Significant
ST14,1.571277700137907,4.432817982668269e-5,UP Significant
GREB1,1.2831653924620445,4.456818189774722e-5,UP Significant
CD163,-1.2578327622681393,4.500739462774116e-5,DOWN Significant
IFI30,1.1800443101871814,4.531718967986834e-5,UP Significant
CASC9,1.2198313221705555,4.5747928956169835e-5,UP Significant
SRC,1.6261608289669167,4.636291674692458e-5,UP Significant
ITIH4,-1.8494782314841949,4.6405016511160014e-5,DOWN Significant
IGLV7-43,-1.0683533816332365,4.7257856981747e-5,DOWN Significant
GABRE,1.1042840189555378,4.808170179006152e-5,UP Significant
POLR1C,1.21803320385196,4.8971986319843964e-5,UP Significant
SLC27A2,-1.4244969054651229,4.9195546885399744e-5,DOWN Significant
TUBB2A,1.0497065081913508,4.96928847856417e-5,UP Significant
IL6R,1.18362403862234,5.353879071272523e-5,UP Significant
SEMA4G,1.0500650812687757,5.574587391160312e-5,UP Significant
RTN2,1.104861801278254,5.6119145801619566e-5,UP Significant
INAVA,1.7227364422799814,5.713008954018405e-5,UP Significant
FAM83G,1.0414314195108587,5.8043502198900744e-5,UP Significant
SLC6A8,1.5567285072910817,5.8863755802159e-5,UP Significant
GPT,-1.6014419714392139,5.911521440205722e-5,DOWN Significant
DCDC2,1.5185777319837566,5.916065137335527e-5,UP Significant
C1S,-1.51144768505708,5.977944591488133e-5,DOWN Significant
RP11-466H18.1,1.0196082183336364,5.99029140716362e-5,UP Significant
ENTPD2,1.0309126491302991,6.0339208468527366e-5,UP Significant
ADM,-1.1682678715636143,6.0478994235458346e-5,DOWN Significant
PON3,-1.333428007540034,6.062325248047743e-5,DOWN Significant
KMO,-1.3431788489890546,6.0930309730546306e-5,DOWN Significant
SYNE4,1.0754096915602986,6.202424105101129e-5,UP Significant
ABHD17C,1.0065399710435297,6.231867575904423e-5,UP Significant
TERT,1.839165605774794,6.311998851100243e-5,UP Significant
CBX2,1.1761379960821636,6.359309425063682e-5,UP Significant
SEC14L2,-1.7300137420915052,6.441979957726305e-5,DOWN Significant
DQX1,1.1309790895589649,6.466262307157396e-5,UP Significant
OXT,-1.964549362036405,6.47100655582143e-5,DOWN Significant
AC007009.1,1.0349545455172744,6.592506775374454e-5,UP Significant
RP11-555E18.2,1.2040862228025848,6.703874319277578e-5,UP Significant
ODC1,1.3372370346137572,6.802379907283249e-5,UP Significant
RGN,-1.382136909072436,6.860698282445919e-5,DOWN Significant
SNRPGP10,1.207720924615443,6.865503702017055e-5,UP Significant
NID1,1.0317320023872654,7.121719969570525e-5,UP Significant
CCDC170,1.0026295435662813,7.124813487048744e-5,UP Significant
BEX2,2.285521085086931,7.619200732116678e-5,UP Significant
C4orf48,1.4836013856525039,7.621633728511983e-5,UP Significant
SLC9A3-AS1,1.0904040124347676,7.77854733833235e-5,UP Significant
COX7B2,2.423335189058615,7.798675175862854e-5,UP Significant
PPP1R1A,-1.991964367832452,8.045517424182804e-5,DOWN Significant
SLC44A5,1.0396148782965249,8.228949135588455e-5,UP Significant
LECT2,-1.696021650982968,8.253958775078229e-5,DOWN Significant
SLC31A2,-1.1158243082775137,8.27023061594977e-5,DOWN Significant
MANEAL,1.1853061983767847,8.312198319087848e-5,UP Significant
TMED3,1.7942049705981526,8.799113713580101e-5,UP Significant
ANKRD65,1.440681534334396,9.017004383797059e-5,UP Significant
LIME1,-1.1235634464229474,9.059753530840507e-5,DOWN Significant
MT1DP,-1.4492226754819004,9.174673649148654e-5,DOWN Significant
UPK3A,1.551013584558421,9.19558965599535e-5,UP Significant
RPSAP58,1.1829882200614126,9.308952172442094e-5,UP Significant
DNPH1,1.235263649211726,9.313134990299884e-5,UP Significant
RP11-761N21.2,1.3354294670941087,9.313134990299884e-5,UP Significant
RP11-589M4.1,-1.0696387451787266,9.496399947714203e-5,DOWN Significant
KRT23,1.6690805429835285,9.549201908143186e-5,UP Significant
DIP2C-AS1,-1.0101735571934278,9.653687591050476e-5,DOWN Significant
AOX1,-2.059573294482533,9.864971802108674e-5,DOWN Significant
RPS2P46,1.044433185402603,9.96788574093495e-5,UP Significant
JUNB,-1.0712945284457547,1.026260844776723e-4,DOWN Significant
SLC45A4,1.1585565581867994,1.038113384053899e-4,UP Significant
NEDD9,1.0398358025691996,1.0418660714756367e-4,UP Significant
COCH,1.8324259625980999,1.0781079389166013e-4,UP Significant
PDIA2,1.3475730392632714,1.0808640621588228e-4,UP Significant
CNGA1,-1.106929104094643,1.1081221964964547e-4,DOWN Significant
RPS24,1.05119511108491,1.1158369300750744e-4,UP Significant
PRODH2,-1.1530403935696247,1.1564576009963042e-4,DOWN Significant
SAPCD2,1.0750147589517098,1.2110718876375235e-4,UP Significant
CLEC3B,-1.264901387438766,1.2167559801302266e-4,DOWN Significant
INSIG1,-1.3731898541608043,1.2212310324830557e-4,DOWN Significant
DPYS,-2.080418097554001,1.2395757567556286e-4,DOWN Significant
CKB,1.7556000191309011,1.2509908755449882e-4,UP Significant
NANOS1,1.2383250136081028,1.2577701083596156e-4,UP Significant
RNF157,1.1706211229208192,1.274175852905465e-4,UP Significant
LAMA5,1.236264424596743,1.2797459960598316e-4,UP Significant
FUT2,1.0799079204065347,1.3150034085895797e-4,UP Significant
IRX3,1.1931782039377312,1.3262242246889566e-4,UP Significant
DEFB1,-2.896851813906374,1.334472502231167e-4,DOWN Significant
ZNF503,1.1691524793259855,1.3590830756992917e-4,UP Significant
C8B,-1.7678625591059287,1.359468887284985e-4,DOWN Significant
DHRS7,1.0853140502522418,1.3628375745420844e-4,UP Significant
H1-2,1.10183555550317,1.376798194135519e-4,UP Significant
TMC5,1.0744533048171798,1.3952087831149257e-4,UP Significant
THBD,-1.166221773528511,1.4387549877744918e-4,DOWN Significant
ZIC2,1.4973729005660692,1.5386199254826662e-4,UP Significant
FNDC4,-1.203050094525647,1.541419472081215e-4,DOWN Significant
RP11-175B9.3,1.0756136831043444,1.5424009872253876e-4,UP Significant
DKK1,2.859914511830257,1.5801821854070645e-4,UP Significant
GTSF1,1.9800520465938358,1.5819603895414117e-4,UP Significant
PTK7,1.960618292814758,1.603642295896722e-4,UP Significant
SLC1A1,-1.5518454134546924,1.6581712387843912e-4,DOWN Significant
MUC13,2.072339452716455,1.6612955343248953e-4,UP Significant
MAGED4B,2.020623472356342,1.6734638100564516e-4,UP Significant
AQP8,1.041856821915392,1.706891922364377e-4,UP Significant
SLC22A11,1.228633467710718,1.7093130050432838e-4,UP Significant
ASPSCR1,1.5898940289612087,1.7107876702812848e-4,UP Significant
HRG,-2.5059468715621707,1.7321567958495794e-4,DOWN Significant
ANO1,-1.4938750450238345,1.7335533265884417e-4,DOWN Significant
APOC1P1,-1.8537499082665283,1.7465362734965262e-4,DOWN Significant
ETV4,1.9374196691638494,1.753085616414739e-4,UP Significant
RNASE1,1.1485371226852092,1.7600758161159642e-4,UP Significant
PWWP2B,1.0534468901077687,1.787353148718699e-4,UP Significant
LLNLF-173C4.1,1.120157167759557,1.7968487263854988e-4,UP Significant
CP,-1.4270409959836599,1.8347393408670395e-4,DOWN Significant
GPX2,1.8135038551468776,1.8948950031721495e-4,UP Significant
MT-ND6,-1.1629834919889621,1.9291015522986382e-4,DOWN Significant
GPSM1,1.3433880392836697,1.931262339231899e-4,UP Significant
TNFRSF21,1.0638480047645755,1.9400767429875957e-4,UP Significant
PAQR8,1.040733331907385,1.9544596656679265e-4,UP Significant
TP53INP1,1.1693562492042453,2.0755092420134556e-4,UP Significant
ASNS,1.0581664392044505,2.080855336772833e-4,UP Significant
IGF2BP2,1.5900154746793558,2.106926544602958e-4,UP Significant
H4C11,2.04433417138754,2.138198283818835e-4,UP Significant
CH17-84K15.2,1.292113455194066,2.1827855141119795e-4,UP Significant
SCARA3,1.2868019809880513,2.273300127040551e-4,UP Significant
LINC01485,-2.14779171574283,2.3027627239333664e-4,DOWN Significant
CYFIP2,-1.427229075178451,2.322945363677977e-4,DOWN Significant
HOXA10,1.4217984506969352,2.3244527939690493e-4,UP Significant
BMP4,1.4300919316679606,2.3646392568596578e-4,UP Significant
IFI27L2,1.01501054574326,2.4038894066153054e-4,UP Significant
RP11-20I20.4,1.3017261071629034,2.4063167901231325e-4,UP Significant
MACROH2A2,1.7123164387102907,2.407040056913375e-4,UP Significant
SULT1E1,-1.4265352384182532,2.4085810703767946e-4,DOWN Significant
CPLX1,1.1868096286256204,2.4877738094768626e-4,UP Significant
COL5A3,1.2675859122585618,2.519778243494503e-4,UP Significant
AFP,3.9705876503094197,2.5514131802311155e-4,UP Significant
AMDHD1,-1.0322053114173722,2.6578580671576764e-4,DOWN Significant
JCHAIN,-1.659011217985113,2.72973381057343e-4,DOWN Significant
ACADSB,-1.2781275757979529,2.786480314442816e-4,DOWN Significant
AC011526.1,-1.8015967081490962,2.8088465663212423e-4,DOWN Significant
FLNA,1.0349334580983034,2.837541347831677e-4,UP Significant
MAP1LC3A,-1.1478774347228158,2.842854367958388e-4,DOWN Significant
CD24,2.426219833130515,2.9405132708086427e-4,UP Significant
APOC4,-3.067148316658413,2.9629985568176067e-4,DOWN Significant
FAM151A,-1.305460982469392,2.9962130020214984e-4,DOWN Significant
APOA5,-1.8796311226699167,3.0284659213254526e-4,DOWN Significant
RP11-134C1.2,1.2954728157182775,3.065431409020008e-4,UP Significant
LEAP2,-1.5401786217343005,3.086386910742502e-4,DOWN Significant
CES4A,-1.0158352972927225,3.155409091467011e-4,DOWN Significant
SEZ6L2,1.5470319030895479,3.2137378613689464e-4,UP Significant
OTC,-2.06719481639694,3.217419983417565e-4,DOWN Significant
EPHB2,1.1615154364972753,3.2383401341539456e-4,UP Significant
TRIM47,1.114161335710799,3.244859554355693e-4,UP Significant
CRYAA,-1.6348512337534729,3.253146352985846e-4,DOWN Significant
TYRO3,1.1780253941831318,3.258647635942392e-4,UP Significant
TGIF2,1.035724619932287,3.311128557079257e-4,UP Significant
EPDR1,1.0495798443696078,3.455431651921267e-4,UP Significant
TM4SF1,1.3613951635201706,3.530169631376812e-4,UP Significant
GUSBP11,1.0978281020324534,3.5347058359499946e-4,UP Significant
CXCL6,-1.3459707868258963,3.5785545197051263e-4,DOWN Significant
TCF7,1.1885151056663192,3.582673237639773e-4,UP Significant
ZNF83,1.1579496218530856,3.60351321691079e-4,UP Significant
ORM2,-1.9054344466586493,3.6110739988465875e-4,DOWN Significant
CDHR2,-1.377734068943782,3.7337593552927504e-4,DOWN Significant
RHOBTB1,1.3906239685072708,3.752441324231969e-4,UP Significant
STEAP1,1.4862245563268313,3.854190152649577e-4,UP Significant
FETUB,-1.788008410658465,3.85864279841338e-4,DOWN Significant
LINC02506,1.1762159409402544,3.982992549483201e-4,UP Significant
LINC01980,1.5697061312028782,3.9854223075892466e-4,UP Significant
MTND4P20,-1.4783239559900463,3.9964270846481467e-4,DOWN Significant
AZGP1P1,-1.0028996184763117,4.0100980508075935e-4,DOWN Significant
RP11-713M15.2,1.1629909768737259,4.018634228575051e-4,UP Significant
MX1,1.098576506985212,4.1141160879421343e-4,UP Significant
STEAP3,-1.0342097374613664,4.124824843915272e-4,DOWN Significant
CLDN5,1.1821740180369829,4.20784235538724e-4,UP Significant
HOMER3,1.102931728139128,4.2478186866584406e-4,UP Significant
ASB13,-1.0318304352274108,4.2502126757204144e-4,DOWN Significant
MDFI,1.6735286518452317,4.2979223943805366e-4,UP Significant
MAGED4,1.623024651998242,4.298323283080218e-4,UP Significant
PYCR1,1.8121186645655198,4.390429443377654e-4,UP Significant
PCSK9,1.0664913615380294,4.4562218615057115e-4,UP Significant
BLMH,1.1410337397128507,4.6089049390797977e-4,UP Significant
TMSB10,1.2214867296163714,4.64798681971697e-4,UP Significant
PIPOX,-1.269218816819965,4.706047334437398e-4,DOWN Significant
MELTF,1.1951455133240079,4.8034078745527254e-4,UP Significant
HSD17B2,-1.6683269499529434,4.894727772366809e-4,DOWN Significant
LGR5,1.5085057550594423,4.89916166135504e-4,UP Significant
ZIC1,1.5541687660096066,4.927769758618892e-4,UP Significant
C1orf21,-1.1622426443050986,5.460343692265269e-4,DOWN Significant
DNAJC12,-1.242723353926578,5.526934532875002e-4,DOWN Significant
SOAT2,1.4642899596344954,5.568796577522424e-4,UP Significant
TSPAN15,1.2051634370899045,5.57573937234692e-4,UP Significant
PLEKHG6,1.0252123053581679,5.637889886547866e-4,UP Significant
CTH,-1.3701839691269386,5.821546170170328e-4,DOWN Significant
MAPK12,1.222677469187207,5.968254396293099e-4,UP Significant
TMEM74B,1.0798141186243202,6.099969636853643e-4,UP Significant
BGN,-1.824789754484291,6.146853334467168e-4,DOWN Significant
PITX1,1.096030613106512,6.332219516622499e-4,UP Significant
NRXN3,1.080969067501982,6.351829083154956e-4,UP Significant
HS6ST2,1.0830925075452937,6.607516348397373e-4,UP Significant
TRIB2,1.0882477737348122,6.780357215665037e-4,UP Significant
TRIM16L,1.1092492821986923,6.832668522919824e-4,UP Significant
IGSF1,1.92949857954005,6.986194903628872e-4,UP Significant
TMEM45A,-1.3990694596541347,6.999144607321544e-4,DOWN Significant
IFI6,1.166099229182536,7.004124929080541e-4,UP Significant
RP3-383B8.1,1.412802156861993,7.204404860937566e-4,UP Significant
ALDH3A1,1.9001423270301263,7.412704804868824e-4,UP Significant
CDCA7,1.221249304819863,7.732197733097419e-4,UP Significant
RTN4RL2,1.090912582992376,7.785200129308916e-4,UP Significant
SULT2A1,-1.8552730241929014,7.832802262892053e-4,DOWN Significant
CPLX2,1.6650211031948599,7.886072810486988e-4,UP Significant
PTHLH,1.462466715294975,7.931038509279672e-4,UP Significant
GSDME,1.0285090817021,8.065211170023047e-4,UP Significant
HMGCS2,-1.5444310110677737,8.1211756771817e-4,DOWN Significant
C1QA,-1.1105947202109565,8.271110935221594e-4,DOWN Significant
COMT,-1.3452697333382684,8.27852797841582e-4,DOWN Significant
LINC02241,1.0102611837092113,8.552473186567778e-4,UP Significant
TUBBP5,1.024981311125066,8.628753547223571e-4,UP Significant
BDH1,-1.149805479176778,8.787571841706223e-4,DOWN Significant
SLC22A31,1.4561037824221428,8.812843465853334e-4,UP Significant
CES1,-1.697204688244625,8.930984112349522e-4,DOWN Significant
TRIM55,1.6380351754612477,9.0845904189794e-4,UP Significant
SRD5A1,-1.0806742797765798,9.213221688012824e-4,DOWN Significant
SCAMP5,1.1607073604325997,9.579897745292995e-4,UP Significant
PLA2G1B,1.1923623550537819,9.595369993066564e-4,UP Significant
DCAF4L2,1.3587578776715268,9.679657622760637e-4,UP Significant
BPIFB2,1.1968968426715745,9.84568762222414e-4,UP Significant
GSTO2,1.3464796842848072,0.0010109010663234181,UP Significant
CA4,1.2906822304604848,0.001022197686347621,UP Significant
CRIP1,1.1884423390641174,0.0010481925998410107,UP Significant
CMBL,-1.124322855320103,0.0010577349170439627,DOWN Significant
GAL3ST1,1.394596642188574,0.0010662067647191583,UP Significant
KRT17P8,1.1189773626451107,0.0010750003490208892,UP Significant
OBSCN,1.016731844975491,0.001088810440157701,UP Significant
RP11-115C10.1,-1.737464829758776,0.0011456285175560862,DOWN Significant
TSPAN5,1.1551828919069258,0.001159078605011374,UP Significant
VCAN,1.3953793726881853,0.0011735743635777438,UP Significant
C19orf81,1.3508972958003933,0.0011856012162734966,UP Significant
IGHA1,-1.8985853412472582,0.0012148199177290375,DOWN Significant
MEP1A,1.4425418381177286,0.0012386213385364813,UP Significant
TRIM50,1.6202961896985508,0.0012467801767919455,UP Significant
UGT2B11,1.7798784585478664,0.0012558029248452846,UP Significant
CD44,1.0819787462436286,0.001259963162716653,UP Significant
ATP6V0D2,1.0906819919343609,0.001278371292038007,UP Significant
TPM4,1.0051258799287446,0.0012819332784367783,UP Significant
MASP2,-1.4303933658014927,0.0012929954415150165,DOWN Significant
OCIAD2,-1.3539907189591514,0.0012933415828045862,DOWN Significant
UGT2B15,-1.8429632733765642,0.0013066110027604343,DOWN Significant
RP11-629N8.5,1.1378221058090023,0.0013481460082660158,UP Significant
FMO3,-1.7495410023944116,0.0014004380811548827,DOWN Significant
ACSM2A,-1.769141330575363,0.001404723436806637,DOWN Significant
VSIG2,-1.1046747284895446,0.0014102526125217881,DOWN Significant
LINC01554,-1.8347787713355423,0.0014508216463155008,DOWN Significant
C1QTNF3,1.7272447602930316,0.0014670668965831926,UP Significant
REEP6,-1.1890778765036751,0.0014844746981013516,DOWN Significant
FGA,-1.4762010583905631,0.001485573174242959,DOWN Significant
LINC00221,1.1340868293570456,0.0014856929748621576,UP Significant
C1QC,-1.0676232536233172,0.001489009551266881,DOWN Significant
TM4SF5,1.2808645943087722,0.0014976974065835419,UP Significant
CCL25,1.7781266830129898,0.001503411191811396,UP Significant
RAB34,1.4470450598821656,0.0015076260011879013,UP Significant
C1QB,-1.1148998085112352,0.0015180293419267896,DOWN Significant
TPD52L1,-1.2976008330627176,0.0015259615912774644,DOWN Significant
RBP4,-1.577890736485827,0.0015310508142422124,DOWN Significant
CYP1A1,-1.6118518422029646,0.0015386264260094425,DOWN Significant
DYNC1I1,1.0058014063244225,0.0015625126333429623,UP Significant
PODXL2,1.6399385636748114,0.0015644992972762815,UP Significant
MAGEA1,1.4050508986296828,0.0016034182994004338,UP Significant
PEG3,1.4652142172926619,0.0016070757124703524,UP Significant
TNFRSF19,1.3299960906657753,0.0016492660425188924,UP Significant
CTD-2619J13.8,-1.5342511634893228,0.0016547562234954928,DOWN Significant
XAGE1A,2.8683419404042523,0.0017278554638860658,UP Significant
ABCG2,-1.1840683720380123,0.0017281768581195354,DOWN Significant
SLC12A5,1.1500942956117746,0.0017704915925811696,UP Significant
C3,-1.3411619911697166,0.0017804001461504341,DOWN Significant
KCNJ8,-1.2098901408094607,0.0018475515231068031,DOWN Significant
FMO1,1.0454127782540692,0.001895103872479092,UP Significant
MPZ,1.1406992453953642,0.0019049928594237116,UP Significant
PRG4,-1.6698663526377087,0.00195992634084267,DOWN Significant
CRYAA2,-1.328459068001406,0.001973501934377767,DOWN Significant
HPD,-2.378765445039451,0.0019769572732567624,DOWN Significant
STMN3,1.457658284474491,0.0019827893678667284,UP Significant
SLC29A4,1.4816933886055204,0.0019843227869121415,UP Significant
H2AW,1.174010772603118,0.0020379552280248197,UP Significant
A2M,-1.1392397184863494,0.0020464507431276957,DOWN Significant
RAMP2,1.1074616030027382,0.002090654491014155,UP Significant
SNORC,1.4149505794729662,0.0020918280218911066,UP Significant
SPP1,2.226300512237953,0.002109539261134111,UP Significant
GPT2,-1.2755809023688336,0.002111014137139092,DOWN Significant
FAM171A2,1.0486836062928226,0.0021254136944369546,UP Significant
HAGLR,1.3234213682122986,0.002184090963205926,UP Significant
GNG4,1.6310899190318313,0.0022078226534128164,UP Significant
MXRA7,1.015880476566016,0.002213886278132476,UP Significant
LINGO1,1.2152187141997624,0.0022145378679910223,UP Significant
CYP2E1,-2.9170628656127118,0.002216820832854928,DOWN Significant
MFAP4,-1.629228590006433,0.002228969429086101,DOWN Significant
LINC01419,1.8712574690987391,0.002255898846454416,UP Significant
PGAM2,1.473409777440296,0.002274323678171569,UP Significant
KRT7,-1.7051984506785605,0.0023217931129048586,DOWN Significant
DLK1,3.8352517284184593,0.0023500500915147864,UP Significant
TSKU,-1.214695205278984,0.00235429066327027,DOWN Significant
APOC3,-1.819302392658809,0.00241593215084,DOWN Significant
SMIM32,1.3555895410775642,0.0024240354822051614,UP Significant
LAMA5-AS1,-1.3409008952270918,0.0024413043408809897,DOWN Significant
FGB,-1.4117337260405858,0.0024778376749935264,DOWN Significant
NAALADL1,1.0449006303805675,0.0025085095093859977,UP Significant
EPB41L1,1.2207575426116501,0.0025364165495582484,UP Significant
AASS,-1.3530086202181466,0.00255006237684353,DOWN Significant
CTNNA2,1.1471993710415298,0.0026165828123933376,UP Significant
ERP27,1.1438932939808109,0.002625651249272339,UP Significant
BTNL8,1.0737705326000238,0.0026269722487184295,UP Significant
GOLM1,1.1675489587420298,0.002680348919531317,UP Significant
MAB21L4,1.3258740065523966,0.002751780788805199,UP Significant
SLC38A4,-1.22962753601451,0.0027547873813666547,DOWN Significant
ORM1,-1.767502502714958,0.002807071428065353,DOWN Significant
MYH4,1.6675602280833155,0.0029714082992616147,UP Significant
TUBB3,1.1154795321138944,0.003007903948851505,UP Significant
TCEAL9,1.1023152998008614,0.00301702698918624,UP Significant
VNN1,-1.7078735403437588,0.0030347800650637464,DOWN Significant
SLCO1B1,-1.2925870885125015,0.0030748904495897784,DOWN Significant
IHH,1.0068017673316931,0.0030837128726979328,UP Significant
SNHG29,1.0525282761047094,0.0031538172680457724,UP Significant
APCS,-1.7506519716888214,0.0032334593441031576,DOWN Significant
TNNC1,1.6259369750962298,0.003266765060514757,UP Significant
ABCC9,-1.0447624576981869,0.003285570854629872,DOWN Significant
COL2A1,1.8916226424774112,0.003353961448967869,UP Significant
TESC,1.325863122208954,0.0034366335087352316,UP Significant
AP1M2,1.3363359143306064,0.003494164401231134,UP Significant
EMILIN1,-1.2057801480061747,0.0035930726451971484,DOWN Significant
NPM2,1.2997105630260317,0.003650641405474284,UP Significant
CSAG1,1.5145828370709167,0.003685449656712802,UP Significant
SLC16A11,1.033618173477151,0.0038135765831575404,UP Significant
LARGE2,1.3781794910780483,0.0038402219420834945,UP Significant
KDELR3,1.0817939450361114,0.003962708668718157,UP Significant
FBLN5,-1.0341860321676954,0.004013669370728623,DOWN Significant
NKD1,1.841574354441215,0.004093346789893413,UP Significant
FBLN1,1.588138681085577,0.004157503690581259,UP Significant
GLUL,1.2107254219621133,0.004192733050739784,UP Significant
ENPP3,1.1276584686624012,0.004200656004610947,UP Significant
HBA2,-1.3312320801446687,0.00430086713676951,DOWN Significant
VNN2,1.178683742563121,0.004307845782382316,UP Significant
SMOC2,1.0905603163847686,0.004441174316022994,UP Significant
LINC02802,1.2034733692505228,0.004475829700505953,UP Significant
XAGE1B,1.3838478304978792,0.0045216948704348715,UP Significant
BCL2L10,-1.1343359048687143,0.004630152621638509,DOWN Significant
FAM83A-AS1,-1.905194434172365,0.00476674664356249,DOWN Significant
TFR2,-1.2853522056448057,0.004884855329452363,DOWN Significant
PCSK1N,2.104441517468582,0.004976250965113048,UP Significant
SSX2B,1.0482913851070847,0.005154878212838729,UP Significant
ADGRD1,1.030152696367943,0.005181941352412141,UP Significant
FOXQ1,1.595862938923065,0.00532747809110365,UP Significant
DIO1,-1.4401596643672532,0.005350212515114635,DOWN Significant
C5orf58,1.1387259562430723,0.00537188828335782,UP Significant
MGST1,-1.0968009585372354,0.005427010957500577,DOWN Significant
BTG2,1.0072929745209596,0.005476299645230022,UP Significant
VIL1,1.4684299119106923,0.005542650515805245,UP Significant
MAGEA3,1.7700118049245108,0.005782555237164195,UP Significant
GCGR,-1.2830321959631226,0.0057899207591042565,DOWN Significant
FADS2,1.2240335642149338,0.00582041033723225,UP Significant
UGT1A1,-1.6504638037443584,0.005824694671791583,DOWN Significant
ANGPTL3,-1.4429067754359783,0.005862819444814207,DOWN Significant
ENPP7P13,1.1585962496587052,0.005881431443054359,UP Significant
MAGEA12,1.225051701953607,0.00609258995113588,UP Significant
LAD1,1.167220053654419,0.006114791189168905,UP Significant
NRSN2,1.1593857733866637,0.006273959834241812,UP Significant
LINC01287,1.224831584332859,0.006346007390351769,UP Significant
AGXT,-1.4307206899101912,0.0064097717617897145,DOWN Significant
ACMSD,-1.1114367732998884,0.006502699495849042,DOWN Significant
MUSTN1,1.3522598203445613,0.006603349665913682,UP Significant
H2AC19,1.0630751999414212,0.0066885010263712415,UP Significant
SLC25A18,-1.1657834715025168,0.006948130568678766,DOWN Significant
RP13-582O9.7,1.1204162586300739,0.006986437105554496,UP Significant
MFAP2,1.6372482912751032,0.00707313776369274,UP Significant
INSYN1,1.2630947466710123,0.007077927972921908,UP Significant
MAT1A,-1.4054136643063435,0.007089884020101121,DOWN Significant
HULC,1.3942535613632714,0.007223498517787213,UP Significant
IGHM,-1.3395043902439947,0.007468095718770809,DOWN Significant
MAGEA6,1.6267371612088493,0.007527235030873235,UP Significant
SULF2,-1.1790801887093698,0.00754557643645616,DOWN Significant
C12orf75,1.1786200476781798,0.007568172062841518,UP Significant
TMCC1,1.1626375900249295,0.007703413524430607,UP Significant
C6orf226,1.0010381961473622,0.0077166780527386175,UP Significant
ANGPTL4,-1.2091024121482432,0.007814723598187032,DOWN Significant
DSCR8,1.3047273915491193,0.007874286318773037,UP Significant
PI3,1.0328032946968495,0.00810052043634762,UP Significant
MISP,1.000847948997926,0.008384584543421008,UP Significant
SLC6A11,1.2042093302026515,0.008482058823677488,UP Significant
LINC02864,1.0650042839404035,0.008884297221167814,UP Significant
CPXM1,1.3075973970826753,0.009010948958718377,UP Significant
PAGE2B,2.1962479175221574,0.009156831863642866,UP Significant
CYP7A1,1.1769414504659659,0.009298039108993532,UP Significant
MAGEC2,1.002962231373901,0.00943578787411104,UP Significant
SUSD4,1.112972768094437,0.009586028626002866,UP Significant
ITIH1,-1.236695717938872,0.009850384135831338,DOWN Significant
TRABD2A,1.0431433870177902,0.009917312936457751,UP Significant
GOT1,-1.0366041430107762,0.010118305262859652,DOWN Significant
CTSC,1.0364403456325384,0.010199790335662654,UP Significant
MSX1,1.0312871713494356,0.010295019538185622,UP Significant
ADIRF,-1.2654229965354356,0.010335972624910072,DOWN Significant
SELENOM,1.0113225823017338,0.01046776013176884,UP Significant
IGF1,-1.0995637318496905,0.01046957170928678,DOWN Significant
SLC22A7,-1.5897860657765888,0.010834141287296735,DOWN Significant
APOA1,-1.2498048226094571,0.010959752532303975,DOWN Significant
FGG,-1.3266029519657074,0.010965609272977506,DOWN Significant
BAAT,-1.2968015827237123,0.011062288624675105,DOWN Significant
LINC02381,1.034856775964639,0.01134374696407483,UP Significant
G0S2,-1.2094220366488129,0.011914819783114558,DOWN Significant
AC006115.7,1.495506717980449,0.012270943485924026,UP Significant
REG3A,2.304432920440981,0.012608890736951492,UP Significant
CST1,1.7340279154188984,0.013388328315273066,UP Significant
CSAG3,1.2138923708989997,0.013733582082854289,UP Significant
FABP1,-1.6105715911566403,0.013793650579740635,DOWN Significant
SLC7A10,1.0237610271245061,0.013857539326591051,UP Significant
PNMA3,1.0693413698165941,0.01400163329847331,UP Significant
RPL9P9,1.1004428347738067,0.014222825987807915,UP Significant
AXIN2,1.3271273792458018,0.014604865362540742,UP Significant
RP13-401N8.1,1.0402079257014245,0.014610410309747432,UP Significant
SMIM11B,1.0903267797507268,0.0147998987986229,UP Significant
FKBP10,1.2699689795644187,0.014873842439907492,UP Significant
RHBG,1.3660001861684832,0.014952466549222698,UP Significant
HEPACAM,-1.2317826819272282,0.014987149289252755,DOWN Significant
CCL21,-1.6161024298540765,0.015076193538818545,DOWN Significant
SLPI,-1.691427667950598,0.015827214626357198,DOWN Significant
ACTN2,1.026159674490964,0.015968517228794672,UP Significant
SCGN,1.3699752914016765,0.016287167958418433,UP Significant
IGHA2,-1.1388225491522603,0.016452610122574034,DOWN Significant
UGT3A1,-1.1240464323107422,0.01645744397373049,DOWN Significant
LINC01370,1.0684838585949952,0.01649863711235955,UP Significant
CTAG2,1.039274218071962,0.016928647638630806,UP Significant
AKR1C4,-1.2279169096731932,0.017310929054574854,DOWN Significant
APOH,-1.0815816593989958,0.017480392347111216,DOWN Significant
GNMT,-1.8437065895917568,0.017754535919950923,DOWN Significant
SLC3A1,-1.1823871272368467,0.01783720410382578,DOWN Significant
UGT1A3,-1.3818717437033903,0.01838363631963549,DOWN Significant
KISS1,1.1697158516759767,0.018760476372263316,UP Significant
MMP7,-1.0037415654047828,0.019935632389734722,DOWN Significant
ACSM1,1.1881078889706411,0.020157778180977238,UP Significant
SCD,1.049279248228741,0.02032657383019575,UP Significant
MAL2,1.1505468271690016,0.020390877239356214,UP Significant
GAGE2A,1.6821171010106342,0.02087633489969113,UP Significant
PAGE1,1.9335514594448324,0.021355901383628608,UP Significant
TUBA3C,1.0338520949173056,0.021464827374975667,UP Significant
SERPINE2,1.10813907295781,0.021716727493657464,UP Significant
SLC51A,-1.018997380006133,0.022064681611604502,DOWN Significant
ELF3,1.015020516080435,0.022776493202792843,UP Significant
SLC2A1,1.1908842760926364,0.02316798643288447,UP Significant
GAGE13,1.051949939192733,0.023203942089012403,UP Significant
ACSM2B,-1.1612361837703995,0.023996307780250734,DOWN Significant
HAL,-1.3569222630282143,0.02440911500976207,DOWN Significant
PAGE4,2.1397046299135725,0.024562840858263803,UP Significant
DPEP1,1.0857362417891068,0.02576381622381909,UP Significant
ALDH1L1,-1.4300936982132555,0.02677652405103863,DOWN Significant
PAGE5,1.646044703173295,0.02720654896412521,UP Significant
GSTA1,-1.3032433975513058,0.028051980334804463,DOWN Significant
RP11-372E1.4,-1.1119201231274514,0.029399866676285316,DOWN Significant
TFF3,1.2334784712671283,0.030407520955673135,UP Significant
ATF5,-1.1987559057115904,0.03193757816995257,DOWN Significant
FGFR2,-1.1898143058603328,0.032244000234634355,DOWN Significant
HOXD1,1.104291942791571,0.03337455463594899,UP Significant
IGFBPL1,1.208944182263776,0.033836808477927825,UP Significant
HPR,-1.3005711668008937,0.03792817897263025,DOWN Significant
PAGE2,1.2270425849836595,0.03874293086511027,UP Significant
ITLN1,-1.25308225745694,0.039125010092540276,DOWN Significant
UGT1A9,-1.1302321260976953,0.039485306748403136,DOWN Significant
ENSG10010136650.1,-1.4834515668654644,0.0396190972045513,DOWN Significant
MATN3,1.228190128051265,0.04282442557860357,UP Significant
RTP3,-1.1156315639290715,0.04439696933019155,DOWN Significant
SERPINC1,-1.4288083152115743,0.04457666191513867,DOWN Significant
HABP2,-1.0797676297162901,0.04687444739965929,DOWN Significant
WNK2,1.0046600693024326,0.04804674775849115,UP Significant
IGLC3,-1.4431745165946586,0.048227400256295364,DOWN Significant
S100A8,-1.0213547037570025,0.04837642511108208,DOWN Significant
ENSG00000283373,-1.187944832465221,0.04843125465570805,DOWN Significant
IFI27,1.043699006812271,0.04981498132197289,UP Significant
